protein,protein_name,num_biomarkers,biomarkers,biomarker_names
Protein_SEC16A,SEC16A,28,"Protein_ADAMTSL4,Protein_AEBP2,Protein_BRI3BP,Protein_CCDC91,Protein_CDCA5,Protein_CTR9,Protein_CUBN,Protein_ERBIN,Protein_GNMT,Protein_LEPR,Protein_LMNB2,Protein_MAP7,Protein_MBD2,Protein_NAA16,Protein_NUS1,Protein_PDE7A,Protein_PDIA4,Protein_PLAA,Protein_PRR13,Protein_RANBP9,Protein_RANGRF,Protein_RASSF5,Protein_RIOX2,Protein_SPATC1L,Protein_TGFB3,Protein_TMEM128,Protein_TRAK1,Protein_ZBTB2","ADAMTSL4,AEBP2,BRI3BP,CCDC91,CDCA5,CTR9,CUBN,ERBIN,GNMT,LEPR,LMNB2,MAP7,MBD2,NAA16,NUS1,PDE7A,PDIA4,PLAA,PRR13,RANBP9,RANGRF,RASSF5,RIOX2,SPATC1L,TGFB3,TMEM128,TRAK1,ZBTB2"
Protein_RABIF,RABIF,28,"Protein_ADAMTSL4,Protein_AEBP2,Protein_BRI3BP,Protein_CCDC91,Protein_CDCA5,Protein_CTR9,Protein_CUBN,Protein_ERBIN,Protein_GNMT,Protein_LEPR,Protein_LMNB2,Protein_MAP7,Protein_MBD2,Protein_NAA16,Protein_NUS1,Protein_PDE7A,Protein_PDIA4,Protein_PLAA,Protein_PRR13,Protein_RANBP9,Protein_RANGRF,Protein_RASSF5,Protein_RIOX2,Protein_SPATC1L,Protein_TGFB3,Protein_TMEM128,Protein_TRAK1,Protein_ZBTB2","ADAMTSL4,AEBP2,BRI3BP,CCDC91,CDCA5,CTR9,CUBN,ERBIN,GNMT,LEPR,LMNB2,MAP7,MBD2,NAA16,NUS1,PDE7A,PDIA4,PLAA,PRR13,RANBP9,RANGRF,RASSF5,RIOX2,SPATC1L,TGFB3,TMEM128,TRAK1,ZBTB2"
Protein_PHF1,PHF1,28,"Protein_ADAMTSL4,Protein_AEBP2,Protein_BRI3BP,Protein_CCDC91,Protein_CDCA5,Protein_CTR9,Protein_CUBN,Protein_ERBIN,Protein_GNMT,Protein_LEPR,Protein_LMNB2,Protein_MAP7,Protein_MBD2,Protein_NAA16,Protein_NUS1,Protein_PDE7A,Protein_PDIA4,Protein_PLAA,Protein_PRR13,Protein_RANBP9,Protein_RANGRF,Protein_RASSF5,Protein_RIOX2,Protein_SPATC1L,Protein_TGFB3,Protein_TMEM128,Protein_TRAK1,Protein_ZBTB2","ADAMTSL4,AEBP2,BRI3BP,CCDC91,CDCA5,CTR9,CUBN,ERBIN,GNMT,LEPR,LMNB2,MAP7,MBD2,NAA16,NUS1,PDE7A,PDIA4,PLAA,PRR13,RANBP9,RANGRF,RASSF5,RIOX2,SPATC1L,TGFB3,TMEM128,TRAK1,ZBTB2"
Protein_ELOVL5,ELOVL5,28,"Protein_ADAMTSL4,Protein_AEBP2,Protein_BRI3BP,Protein_CCDC91,Protein_CDCA5,Protein_CTR9,Protein_CUBN,Protein_ERBIN,Protein_GNMT,Protein_LEPR,Protein_LMNB2,Protein_MAP7,Protein_MBD2,Protein_NAA16,Protein_NUS1,Protein_PDE7A,Protein_PDIA4,Protein_PLAA,Protein_PRR13,Protein_RANBP9,Protein_RANGRF,Protein_RASSF5,Protein_RIOX2,Protein_SPATC1L,Protein_TGFB3,Protein_TMEM128,Protein_TRAK1,Protein_ZBTB2","ADAMTSL4,AEBP2,BRI3BP,CCDC91,CDCA5,CTR9,CUBN,ERBIN,GNMT,LEPR,LMNB2,MAP7,MBD2,NAA16,NUS1,PDE7A,PDIA4,PLAA,PRR13,RANBP9,RANGRF,RASSF5,RIOX2,SPATC1L,TGFB3,TMEM128,TRAK1,ZBTB2"
Protein_PTK2B,PTK2B,28,"Protein_ADAMTSL4,Protein_AEBP2,Protein_BRI3BP,Protein_CCDC91,Protein_CDCA5,Protein_CTR9,Protein_CUBN,Protein_ERBIN,Protein_GNMT,Protein_LEPR,Protein_LMNB2,Protein_MAP7,Protein_MBD2,Protein_NAA16,Protein_NUS1,Protein_PDE7A,Protein_PDIA4,Protein_PLAA,Protein_PRR13,Protein_RANBP9,Protein_RANGRF,Protein_RASSF5,Protein_RIOX2,Protein_SPATC1L,Protein_TGFB3,Protein_TMEM128,Protein_TRAK1,Protein_ZBTB2","ADAMTSL4,AEBP2,BRI3BP,CCDC91,CDCA5,CTR9,CUBN,ERBIN,GNMT,LEPR,LMNB2,MAP7,MBD2,NAA16,NUS1,PDE7A,PDIA4,PLAA,PRR13,RANBP9,RANGRF,RASSF5,RIOX2,SPATC1L,TGFB3,TMEM128,TRAK1,ZBTB2"
Protein_FNTA,FNTA,28,"Protein_ADAMTSL4,Protein_AEBP2,Protein_BRI3BP,Protein_CCDC91,Protein_CDCA5,Protein_CTR9,Protein_CUBN,Protein_ERBIN,Protein_GNMT,Protein_LEPR,Protein_LMNB2,Protein_MAP7,Protein_MBD2,Protein_NAA16,Protein_NUS1,Protein_PDE7A,Protein_PDIA4,Protein_PLAA,Protein_PRR13,Protein_RANBP9,Protein_RANGRF,Protein_RASSF5,Protein_RIOX2,Protein_SPATC1L,Protein_TGFB3,Protein_TMEM128,Protein_TRAK1,Protein_ZBTB2","ADAMTSL4,AEBP2,BRI3BP,CCDC91,CDCA5,CTR9,CUBN,ERBIN,GNMT,LEPR,LMNB2,MAP7,MBD2,NAA16,NUS1,PDE7A,PDIA4,PLAA,PRR13,RANBP9,RANGRF,RASSF5,RIOX2,SPATC1L,TGFB3,TMEM128,TRAK1,ZBTB2"
Protein_SUMO2,SUMO2,28,"Protein_ADAMTSL4,Protein_AEBP2,Protein_BRI3BP,Protein_CCDC91,Protein_CDCA5,Protein_CTR9,Protein_CUBN,Protein_ERBIN,Protein_GNMT,Protein_LEPR,Protein_LMNB2,Protein_MAP7,Protein_MBD2,Protein_NAA16,Protein_NUS1,Protein_PDE7A,Protein_PDIA4,Protein_PLAA,Protein_PRR13,Protein_RANBP9,Protein_RANGRF,Protein_RASSF5,Protein_RIOX2,Protein_SPATC1L,Protein_TGFB3,Protein_TMEM128,Protein_TRAK1,Protein_ZBTB2","ADAMTSL4,AEBP2,BRI3BP,CCDC91,CDCA5,CTR9,CUBN,ERBIN,GNMT,LEPR,LMNB2,MAP7,MBD2,NAA16,NUS1,PDE7A,PDIA4,PLAA,PRR13,RANBP9,RANGRF,RASSF5,RIOX2,SPATC1L,TGFB3,TMEM128,TRAK1,ZBTB2"
Protein_WDR77,WDR77,28,"Protein_ADAMTSL4,Protein_AEBP2,Protein_BRI3BP,Protein_CCDC91,Protein_CDCA5,Protein_CTR9,Protein_CUBN,Protein_ERBIN,Protein_GNMT,Protein_LEPR,Protein_LMNB2,Protein_MAP7,Protein_MBD2,Protein_NAA16,Protein_NUS1,Protein_PDE7A,Protein_PDIA4,Protein_PLAA,Protein_PRR13,Protein_RANBP9,Protein_RANGRF,Protein_RASSF5,Protein_RIOX2,Protein_SPATC1L,Protein_TGFB3,Protein_TMEM128,Protein_TRAK1,Protein_ZBTB2","ADAMTSL4,AEBP2,BRI3BP,CCDC91,CDCA5,CTR9,CUBN,ERBIN,GNMT,LEPR,LMNB2,MAP7,MBD2,NAA16,NUS1,PDE7A,PDIA4,PLAA,PRR13,RANBP9,RANGRF,RASSF5,RIOX2,SPATC1L,TGFB3,TMEM128,TRAK1,ZBTB2"
Protein_KDM5C,KDM5C,28,"Protein_ADAMTSL4,Protein_AEBP2,Protein_BRI3BP,Protein_CCDC91,Protein_CDCA5,Protein_CTR9,Protein_CUBN,Protein_ERBIN,Protein_GNMT,Protein_LEPR,Protein_LMNB2,Protein_MAP7,Protein_MBD2,Protein_NAA16,Protein_NUS1,Protein_PDE7A,Protein_PDIA4,Protein_PLAA,Protein_PRR13,Protein_RANBP9,Protein_RANGRF,Protein_RASSF5,Protein_RIOX2,Protein_SPATC1L,Protein_TGFB3,Protein_TMEM128,Protein_TRAK1,Protein_ZBTB2","ADAMTSL4,AEBP2,BRI3BP,CCDC91,CDCA5,CTR9,CUBN,ERBIN,GNMT,LEPR,LMNB2,MAP7,MBD2,NAA16,NUS1,PDE7A,PDIA4,PLAA,PRR13,RANBP9,RANGRF,RASSF5,RIOX2,SPATC1L,TGFB3,TMEM128,TRAK1,ZBTB2"
Protein_BCLAF1,BCLAF1,28,"Protein_ADAMTSL4,Protein_AEBP2,Protein_BRI3BP,Protein_CCDC91,Protein_CDCA5,Protein_CTR9,Protein_CUBN,Protein_ERBIN,Protein_GNMT,Protein_LEPR,Protein_LMNB2,Protein_MAP7,Protein_MBD2,Protein_NAA16,Protein_NUS1,Protein_PDE7A,Protein_PDIA4,Protein_PLAA,Protein_PRR13,Protein_RANBP9,Protein_RANGRF,Protein_RASSF5,Protein_RIOX2,Protein_SPATC1L,Protein_TGFB3,Protein_TMEM128,Protein_TRAK1,Protein_ZBTB2","ADAMTSL4,AEBP2,BRI3BP,CCDC91,CDCA5,CTR9,CUBN,ERBIN,GNMT,LEPR,LMNB2,MAP7,MBD2,NAA16,NUS1,PDE7A,PDIA4,PLAA,PRR13,RANBP9,RANGRF,RASSF5,RIOX2,SPATC1L,TGFB3,TMEM128,TRAK1,ZBTB2"
Protein_EIF2AK2,EIF2AK2,28,"Protein_ADAMTSL4,Protein_AEBP2,Protein_BRI3BP,Protein_CCDC91,Protein_CDCA5,Protein_CTR9,Protein_CUBN,Protein_ERBIN,Protein_GNMT,Protein_LEPR,Protein_LMNB2,Protein_MAP7,Protein_MBD2,Protein_NAA16,Protein_NUS1,Protein_PDE7A,Protein_PDIA4,Protein_PLAA,Protein_PRR13,Protein_RANBP9,Protein_RANGRF,Protein_RASSF5,Protein_RIOX2,Protein_SPATC1L,Protein_TGFB3,Protein_TMEM128,Protein_TRAK1,Protein_ZBTB2","ADAMTSL4,AEBP2,BRI3BP,CCDC91,CDCA5,CTR9,CUBN,ERBIN,GNMT,LEPR,LMNB2,MAP7,MBD2,NAA16,NUS1,PDE7A,PDIA4,PLAA,PRR13,RANBP9,RANGRF,RASSF5,RIOX2,SPATC1L,TGFB3,TMEM128,TRAK1,ZBTB2"
Protein_LRFN4,LRFN4,28,"Protein_ADAMTSL4,Protein_AEBP2,Protein_BRI3BP,Protein_CCDC91,Protein_CDCA5,Protein_CTR9,Protein_CUBN,Protein_ERBIN,Protein_GNMT,Protein_LEPR,Protein_LMNB2,Protein_MAP7,Protein_MBD2,Protein_NAA16,Protein_NUS1,Protein_PDE7A,Protein_PDIA4,Protein_PLAA,Protein_PRR13,Protein_RANBP9,Protein_RANGRF,Protein_RASSF5,Protein_RIOX2,Protein_SPATC1L,Protein_TGFB3,Protein_TMEM128,Protein_TRAK1,Protein_ZBTB2","ADAMTSL4,AEBP2,BRI3BP,CCDC91,CDCA5,CTR9,CUBN,ERBIN,GNMT,LEPR,LMNB2,MAP7,MBD2,NAA16,NUS1,PDE7A,PDIA4,PLAA,PRR13,RANBP9,RANGRF,RASSF5,RIOX2,SPATC1L,TGFB3,TMEM128,TRAK1,ZBTB2"
Protein_CTBP2,CTBP2,28,"Protein_ADAMTSL4,Protein_AEBP2,Protein_BRI3BP,Protein_CCDC91,Protein_CDCA5,Protein_CTR9,Protein_CUBN,Protein_ERBIN,Protein_GNMT,Protein_LEPR,Protein_LMNB2,Protein_MAP7,Protein_MBD2,Protein_NAA16,Protein_NUS1,Protein_PDE7A,Protein_PDIA4,Protein_PLAA,Protein_PRR13,Protein_RANBP9,Protein_RANGRF,Protein_RASSF5,Protein_RIOX2,Protein_SPATC1L,Protein_TGFB3,Protein_TMEM128,Protein_TRAK1,Protein_ZBTB2","ADAMTSL4,AEBP2,BRI3BP,CCDC91,CDCA5,CTR9,CUBN,ERBIN,GNMT,LEPR,LMNB2,MAP7,MBD2,NAA16,NUS1,PDE7A,PDIA4,PLAA,PRR13,RANBP9,RANGRF,RASSF5,RIOX2,SPATC1L,TGFB3,TMEM128,TRAK1,ZBTB2"
Protein_SP110,SP110,28,"Protein_ADAMTSL4,Protein_AEBP2,Protein_BRI3BP,Protein_CCDC91,Protein_CDCA5,Protein_CTR9,Protein_CUBN,Protein_ERBIN,Protein_GNMT,Protein_LEPR,Protein_LMNB2,Protein_MAP7,Protein_MBD2,Protein_NAA16,Protein_NUS1,Protein_PDE7A,Protein_PDIA4,Protein_PLAA,Protein_PRR13,Protein_RANBP9,Protein_RANGRF,Protein_RASSF5,Protein_RIOX2,Protein_SPATC1L,Protein_TGFB3,Protein_TMEM128,Protein_TRAK1,Protein_ZBTB2","ADAMTSL4,AEBP2,BRI3BP,CCDC91,CDCA5,CTR9,CUBN,ERBIN,GNMT,LEPR,LMNB2,MAP7,MBD2,NAA16,NUS1,PDE7A,PDIA4,PLAA,PRR13,RANBP9,RANGRF,RASSF5,RIOX2,SPATC1L,TGFB3,TMEM128,TRAK1,ZBTB2"
Protein_MYC,MYC,28,"Protein_ADAMTSL4,Protein_AEBP2,Protein_BRI3BP,Protein_CCDC91,Protein_CDCA5,Protein_CTR9,Protein_CUBN,Protein_ERBIN,Protein_GNMT,Protein_LEPR,Protein_LMNB2,Protein_MAP7,Protein_MBD2,Protein_NAA16,Protein_NUS1,Protein_PDE7A,Protein_PDIA4,Protein_PLAA,Protein_PRR13,Protein_RANBP9,Protein_RANGRF,Protein_RASSF5,Protein_RIOX2,Protein_SPATC1L,Protein_TGFB3,Protein_TMEM128,Protein_TRAK1,Protein_ZBTB2","ADAMTSL4,AEBP2,BRI3BP,CCDC91,CDCA5,CTR9,CUBN,ERBIN,GNMT,LEPR,LMNB2,MAP7,MBD2,NAA16,NUS1,PDE7A,PDIA4,PLAA,PRR13,RANBP9,RANGRF,RASSF5,RIOX2,SPATC1L,TGFB3,TMEM128,TRAK1,ZBTB2"
Protein_RAD51D,RAD51D,28,"Protein_ADAMTSL4,Protein_AEBP2,Protein_BRI3BP,Protein_CCDC91,Protein_CDCA5,Protein_CTR9,Protein_CUBN,Protein_ERBIN,Protein_GNMT,Protein_LEPR,Protein_LMNB2,Protein_MAP7,Protein_MBD2,Protein_NAA16,Protein_NUS1,Protein_PDE7A,Protein_PDIA4,Protein_PLAA,Protein_PRR13,Protein_RANBP9,Protein_RANGRF,Protein_RASSF5,Protein_RIOX2,Protein_SPATC1L,Protein_TGFB3,Protein_TMEM128,Protein_TRAK1,Protein_ZBTB2","ADAMTSL4,AEBP2,BRI3BP,CCDC91,CDCA5,CTR9,CUBN,ERBIN,GNMT,LEPR,LMNB2,MAP7,MBD2,NAA16,NUS1,PDE7A,PDIA4,PLAA,PRR13,RANBP9,RANGRF,RASSF5,RIOX2,SPATC1L,TGFB3,TMEM128,TRAK1,ZBTB2"
Protein_ANP32A,ANP32A,28,"Protein_ADAMTSL4,Protein_AEBP2,Protein_BRI3BP,Protein_CCDC91,Protein_CDCA5,Protein_CTR9,Protein_CUBN,Protein_ERBIN,Protein_GNMT,Protein_LEPR,Protein_LMNB2,Protein_MAP7,Protein_MBD2,Protein_NAA16,Protein_NUS1,Protein_PDE7A,Protein_PDIA4,Protein_PLAA,Protein_PRR13,Protein_RANBP9,Protein_RANGRF,Protein_RASSF5,Protein_RIOX2,Protein_SPATC1L,Protein_TGFB3,Protein_TMEM128,Protein_TRAK1,Protein_ZBTB2","ADAMTSL4,AEBP2,BRI3BP,CCDC91,CDCA5,CTR9,CUBN,ERBIN,GNMT,LEPR,LMNB2,MAP7,MBD2,NAA16,NUS1,PDE7A,PDIA4,PLAA,PRR13,RANBP9,RANGRF,RASSF5,RIOX2,SPATC1L,TGFB3,TMEM128,TRAK1,ZBTB2"
Protein_CSE1L,CSE1L,28,"Protein_ADAMTSL4,Protein_AEBP2,Protein_BRI3BP,Protein_CCDC91,Protein_CDCA5,Protein_CTR9,Protein_CUBN,Protein_ERBIN,Protein_GNMT,Protein_LEPR,Protein_LMNB2,Protein_MAP7,Protein_MBD2,Protein_NAA16,Protein_NUS1,Protein_PDE7A,Protein_PDIA4,Protein_PLAA,Protein_PRR13,Protein_RANBP9,Protein_RANGRF,Protein_RASSF5,Protein_RIOX2,Protein_SPATC1L,Protein_TGFB3,Protein_TMEM128,Protein_TRAK1,Protein_ZBTB2","ADAMTSL4,AEBP2,BRI3BP,CCDC91,CDCA5,CTR9,CUBN,ERBIN,GNMT,LEPR,LMNB2,MAP7,MBD2,NAA16,NUS1,PDE7A,PDIA4,PLAA,PRR13,RANBP9,RANGRF,RASSF5,RIOX2,SPATC1L,TGFB3,TMEM128,TRAK1,ZBTB2"
Protein_STARD7,STARD7,28,"Protein_ADAMTSL4,Protein_AEBP2,Protein_BRI3BP,Protein_CCDC91,Protein_CDCA5,Protein_CTR9,Protein_CUBN,Protein_ERBIN,Protein_GNMT,Protein_LEPR,Protein_LMNB2,Protein_MAP7,Protein_MBD2,Protein_NAA16,Protein_NUS1,Protein_PDE7A,Protein_PDIA4,Protein_PLAA,Protein_PRR13,Protein_RANBP9,Protein_RANGRF,Protein_RASSF5,Protein_RIOX2,Protein_SPATC1L,Protein_TGFB3,Protein_TMEM128,Protein_TRAK1,Protein_ZBTB2","ADAMTSL4,AEBP2,BRI3BP,CCDC91,CDCA5,CTR9,CUBN,ERBIN,GNMT,LEPR,LMNB2,MAP7,MBD2,NAA16,NUS1,PDE7A,PDIA4,PLAA,PRR13,RANBP9,RANGRF,RASSF5,RIOX2,SPATC1L,TGFB3,TMEM128,TRAK1,ZBTB2"
Protein_EFTUD2,EFTUD2,28,"Protein_ADAMTSL4,Protein_AEBP2,Protein_BRI3BP,Protein_CCDC91,Protein_CDCA5,Protein_CTR9,Protein_CUBN,Protein_ERBIN,Protein_GNMT,Protein_LEPR,Protein_LMNB2,Protein_MAP7,Protein_MBD2,Protein_NAA16,Protein_NUS1,Protein_PDE7A,Protein_PDIA4,Protein_PLAA,Protein_PRR13,Protein_RANBP9,Protein_RANGRF,Protein_RASSF5,Protein_RIOX2,Protein_SPATC1L,Protein_TGFB3,Protein_TMEM128,Protein_TRAK1,Protein_ZBTB2","ADAMTSL4,AEBP2,BRI3BP,CCDC91,CDCA5,CTR9,CUBN,ERBIN,GNMT,LEPR,LMNB2,MAP7,MBD2,NAA16,NUS1,PDE7A,PDIA4,PLAA,PRR13,RANBP9,RANGRF,RASSF5,RIOX2,SPATC1L,TGFB3,TMEM128,TRAK1,ZBTB2"
Protein_RHEB,RHEB,28,"Protein_ADAMTSL4,Protein_AEBP2,Protein_BRI3BP,Protein_CCDC91,Protein_CDCA5,Protein_CTR9,Protein_CUBN,Protein_ERBIN,Protein_GNMT,Protein_LEPR,Protein_LMNB2,Protein_MAP7,Protein_MBD2,Protein_NAA16,Protein_NUS1,Protein_PDE7A,Protein_PDIA4,Protein_PLAA,Protein_PRR13,Protein_RANBP9,Protein_RANGRF,Protein_RASSF5,Protein_RIOX2,Protein_SPATC1L,Protein_TGFB3,Protein_TMEM128,Protein_TRAK1,Protein_ZBTB2","ADAMTSL4,AEBP2,BRI3BP,CCDC91,CDCA5,CTR9,CUBN,ERBIN,GNMT,LEPR,LMNB2,MAP7,MBD2,NAA16,NUS1,PDE7A,PDIA4,PLAA,PRR13,RANBP9,RANGRF,RASSF5,RIOX2,SPATC1L,TGFB3,TMEM128,TRAK1,ZBTB2"
Protein_CALR,CALR,28,"Protein_ADAMTSL4,Protein_AEBP2,Protein_BRI3BP,Protein_CCDC91,Protein_CDCA5,Protein_CTR9,Protein_CUBN,Protein_ERBIN,Protein_GNMT,Protein_LEPR,Protein_LMNB2,Protein_MAP7,Protein_MBD2,Protein_NAA16,Protein_NUS1,Protein_PDE7A,Protein_PDIA4,Protein_PLAA,Protein_PRR13,Protein_RANBP9,Protein_RANGRF,Protein_RASSF5,Protein_RIOX2,Protein_SPATC1L,Protein_TGFB3,Protein_TMEM128,Protein_TRAK1,Protein_ZBTB2","ADAMTSL4,AEBP2,BRI3BP,CCDC91,CDCA5,CTR9,CUBN,ERBIN,GNMT,LEPR,LMNB2,MAP7,MBD2,NAA16,NUS1,PDE7A,PDIA4,PLAA,PRR13,RANBP9,RANGRF,RASSF5,RIOX2,SPATC1L,TGFB3,TMEM128,TRAK1,ZBTB2"
Protein_SVIL,SVIL,28,"Protein_ADAMTSL4,Protein_AEBP2,Protein_BRI3BP,Protein_CCDC91,Protein_CDCA5,Protein_CTR9,Protein_CUBN,Protein_ERBIN,Protein_GNMT,Protein_LEPR,Protein_LMNB2,Protein_MAP7,Protein_MBD2,Protein_NAA16,Protein_NUS1,Protein_PDE7A,Protein_PDIA4,Protein_PLAA,Protein_PRR13,Protein_RANBP9,Protein_RANGRF,Protein_RASSF5,Protein_RIOX2,Protein_SPATC1L,Protein_TGFB3,Protein_TMEM128,Protein_TRAK1,Protein_ZBTB2","ADAMTSL4,AEBP2,BRI3BP,CCDC91,CDCA5,CTR9,CUBN,ERBIN,GNMT,LEPR,LMNB2,MAP7,MBD2,NAA16,NUS1,PDE7A,PDIA4,PLAA,PRR13,RANBP9,RANGRF,RASSF5,RIOX2,SPATC1L,TGFB3,TMEM128,TRAK1,ZBTB2"
Protein_USP14,USP14,28,"Protein_ADAMTSL4,Protein_AEBP2,Protein_BRI3BP,Protein_CCDC91,Protein_CDCA5,Protein_CTR9,Protein_CUBN,Protein_ERBIN,Protein_GNMT,Protein_LEPR,Protein_LMNB2,Protein_MAP7,Protein_MBD2,Protein_NAA16,Protein_NUS1,Protein_PDE7A,Protein_PDIA4,Protein_PLAA,Protein_PRR13,Protein_RANBP9,Protein_RANGRF,Protein_RASSF5,Protein_RIOX2,Protein_SPATC1L,Protein_TGFB3,Protein_TMEM128,Protein_TRAK1,Protein_ZBTB2","ADAMTSL4,AEBP2,BRI3BP,CCDC91,CDCA5,CTR9,CUBN,ERBIN,GNMT,LEPR,LMNB2,MAP7,MBD2,NAA16,NUS1,PDE7A,PDIA4,PLAA,PRR13,RANBP9,RANGRF,RASSF5,RIOX2,SPATC1L,TGFB3,TMEM128,TRAK1,ZBTB2"
Protein_AURKB,AURKB,28,"Protein_ADAMTSL4,Protein_AEBP2,Protein_BRI3BP,Protein_CCDC91,Protein_CDCA5,Protein_CTR9,Protein_CUBN,Protein_ERBIN,Protein_GNMT,Protein_LEPR,Protein_LMNB2,Protein_MAP7,Protein_MBD2,Protein_NAA16,Protein_NUS1,Protein_PDE7A,Protein_PDIA4,Protein_PLAA,Protein_PRR13,Protein_RANBP9,Protein_RANGRF,Protein_RASSF5,Protein_RIOX2,Protein_SPATC1L,Protein_TGFB3,Protein_TMEM128,Protein_TRAK1,Protein_ZBTB2","ADAMTSL4,AEBP2,BRI3BP,CCDC91,CDCA5,CTR9,CUBN,ERBIN,GNMT,LEPR,LMNB2,MAP7,MBD2,NAA16,NUS1,PDE7A,PDIA4,PLAA,PRR13,RANBP9,RANGRF,RASSF5,RIOX2,SPATC1L,TGFB3,TMEM128,TRAK1,ZBTB2"
Protein_COG3,COG3,28,"Protein_ADAMTSL4,Protein_AEBP2,Protein_BRI3BP,Protein_CCDC91,Protein_CDCA5,Protein_CTR9,Protein_CUBN,Protein_ERBIN,Protein_GNMT,Protein_LEPR,Protein_LMNB2,Protein_MAP7,Protein_MBD2,Protein_NAA16,Protein_NUS1,Protein_PDE7A,Protein_PDIA4,Protein_PLAA,Protein_PRR13,Protein_RANBP9,Protein_RANGRF,Protein_RASSF5,Protein_RIOX2,Protein_SPATC1L,Protein_TGFB3,Protein_TMEM128,Protein_TRAK1,Protein_ZBTB2","ADAMTSL4,AEBP2,BRI3BP,CCDC91,CDCA5,CTR9,CUBN,ERBIN,GNMT,LEPR,LMNB2,MAP7,MBD2,NAA16,NUS1,PDE7A,PDIA4,PLAA,PRR13,RANBP9,RANGRF,RASSF5,RIOX2,SPATC1L,TGFB3,TMEM128,TRAK1,ZBTB2"
Protein_DDX39B,DDX39B,28,"Protein_ADAMTSL4,Protein_AEBP2,Protein_BRI3BP,Protein_CCDC91,Protein_CDCA5,Protein_CTR9,Protein_CUBN,Protein_ERBIN,Protein_GNMT,Protein_LEPR,Protein_LMNB2,Protein_MAP7,Protein_MBD2,Protein_NAA16,Protein_NUS1,Protein_PDE7A,Protein_PDIA4,Protein_PLAA,Protein_PRR13,Protein_RANBP9,Protein_RANGRF,Protein_RASSF5,Protein_RIOX2,Protein_SPATC1L,Protein_TGFB3,Protein_TMEM128,Protein_TRAK1,Protein_ZBTB2","ADAMTSL4,AEBP2,BRI3BP,CCDC91,CDCA5,CTR9,CUBN,ERBIN,GNMT,LEPR,LMNB2,MAP7,MBD2,NAA16,NUS1,PDE7A,PDIA4,PLAA,PRR13,RANBP9,RANGRF,RASSF5,RIOX2,SPATC1L,TGFB3,TMEM128,TRAK1,ZBTB2"
Protein_STK26,STK26,28,"Protein_ADAMTSL4,Protein_AEBP2,Protein_BRI3BP,Protein_CCDC91,Protein_CDCA5,Protein_CTR9,Protein_CUBN,Protein_ERBIN,Protein_GNMT,Protein_LEPR,Protein_LMNB2,Protein_MAP7,Protein_MBD2,Protein_NAA16,Protein_NUS1,Protein_PDE7A,Protein_PDIA4,Protein_PLAA,Protein_PRR13,Protein_RANBP9,Protein_RANGRF,Protein_RASSF5,Protein_RIOX2,Protein_SPATC1L,Protein_TGFB3,Protein_TMEM128,Protein_TRAK1,Protein_ZBTB2","ADAMTSL4,AEBP2,BRI3BP,CCDC91,CDCA5,CTR9,CUBN,ERBIN,GNMT,LEPR,LMNB2,MAP7,MBD2,NAA16,NUS1,PDE7A,PDIA4,PLAA,PRR13,RANBP9,RANGRF,RASSF5,RIOX2,SPATC1L,TGFB3,TMEM128,TRAK1,ZBTB2"
Protein_KRAS,KRAS,28,"Protein_ADAMTSL4,Protein_AEBP2,Protein_BRI3BP,Protein_CCDC91,Protein_CDCA5,Protein_CTR9,Protein_CUBN,Protein_ERBIN,Protein_GNMT,Protein_LEPR,Protein_LMNB2,Protein_MAP7,Protein_MBD2,Protein_NAA16,Protein_NUS1,Protein_PDE7A,Protein_PDIA4,Protein_PLAA,Protein_PRR13,Protein_RANBP9,Protein_RANGRF,Protein_RASSF5,Protein_RIOX2,Protein_SPATC1L,Protein_TGFB3,Protein_TMEM128,Protein_TRAK1,Protein_ZBTB2","ADAMTSL4,AEBP2,BRI3BP,CCDC91,CDCA5,CTR9,CUBN,ERBIN,GNMT,LEPR,LMNB2,MAP7,MBD2,NAA16,NUS1,PDE7A,PDIA4,PLAA,PRR13,RANBP9,RANGRF,RASSF5,RIOX2,SPATC1L,TGFB3,TMEM128,TRAK1,ZBTB2"
Protein_TMEM106B,TMEM106B,28,"Protein_ADAMTSL4,Protein_AEBP2,Protein_BRI3BP,Protein_CCDC91,Protein_CDCA5,Protein_CTR9,Protein_CUBN,Protein_ERBIN,Protein_GNMT,Protein_LEPR,Protein_LMNB2,Protein_MAP7,Protein_MBD2,Protein_NAA16,Protein_NUS1,Protein_PDE7A,Protein_PDIA4,Protein_PLAA,Protein_PRR13,Protein_RANBP9,Protein_RANGRF,Protein_RASSF5,Protein_RIOX2,Protein_SPATC1L,Protein_TGFB3,Protein_TMEM128,Protein_TRAK1,Protein_ZBTB2","ADAMTSL4,AEBP2,BRI3BP,CCDC91,CDCA5,CTR9,CUBN,ERBIN,GNMT,LEPR,LMNB2,MAP7,MBD2,NAA16,NUS1,PDE7A,PDIA4,PLAA,PRR13,RANBP9,RANGRF,RASSF5,RIOX2,SPATC1L,TGFB3,TMEM128,TRAK1,ZBTB2"
Protein_POLR2C,POLR2C,28,"Protein_ADAMTSL4,Protein_AEBP2,Protein_BRI3BP,Protein_CCDC91,Protein_CDCA5,Protein_CTR9,Protein_CUBN,Protein_ERBIN,Protein_GNMT,Protein_LEPR,Protein_LMNB2,Protein_MAP7,Protein_MBD2,Protein_NAA16,Protein_NUS1,Protein_PDE7A,Protein_PDIA4,Protein_PLAA,Protein_PRR13,Protein_RANBP9,Protein_RANGRF,Protein_RASSF5,Protein_RIOX2,Protein_SPATC1L,Protein_TGFB3,Protein_TMEM128,Protein_TRAK1,Protein_ZBTB2","ADAMTSL4,AEBP2,BRI3BP,CCDC91,CDCA5,CTR9,CUBN,ERBIN,GNMT,LEPR,LMNB2,MAP7,MBD2,NAA16,NUS1,PDE7A,PDIA4,PLAA,PRR13,RANBP9,RANGRF,RASSF5,RIOX2,SPATC1L,TGFB3,TMEM128,TRAK1,ZBTB2"
Protein_DCTN1,DCTN1,28,"Protein_ADAMTSL4,Protein_AEBP2,Protein_BRI3BP,Protein_CCDC91,Protein_CDCA5,Protein_CTR9,Protein_CUBN,Protein_ERBIN,Protein_GNMT,Protein_LEPR,Protein_LMNB2,Protein_MAP7,Protein_MBD2,Protein_NAA16,Protein_NUS1,Protein_PDE7A,Protein_PDIA4,Protein_PLAA,Protein_PRR13,Protein_RANBP9,Protein_RANGRF,Protein_RASSF5,Protein_RIOX2,Protein_SPATC1L,Protein_TGFB3,Protein_TMEM128,Protein_TRAK1,Protein_ZBTB2","ADAMTSL4,AEBP2,BRI3BP,CCDC91,CDCA5,CTR9,CUBN,ERBIN,GNMT,LEPR,LMNB2,MAP7,MBD2,NAA16,NUS1,PDE7A,PDIA4,PLAA,PRR13,RANBP9,RANGRF,RASSF5,RIOX2,SPATC1L,TGFB3,TMEM128,TRAK1,ZBTB2"
Protein_CD79A,CD79A,28,"Protein_ADAMTSL4,Protein_AEBP2,Protein_BRI3BP,Protein_CCDC91,Protein_CDCA5,Protein_CTR9,Protein_CUBN,Protein_ERBIN,Protein_GNMT,Protein_LEPR,Protein_LMNB2,Protein_MAP7,Protein_MBD2,Protein_NAA16,Protein_NUS1,Protein_PDE7A,Protein_PDIA4,Protein_PLAA,Protein_PRR13,Protein_RANBP9,Protein_RANGRF,Protein_RASSF5,Protein_RIOX2,Protein_SPATC1L,Protein_TGFB3,Protein_TMEM128,Protein_TRAK1,Protein_ZBTB2","ADAMTSL4,AEBP2,BRI3BP,CCDC91,CDCA5,CTR9,CUBN,ERBIN,GNMT,LEPR,LMNB2,MAP7,MBD2,NAA16,NUS1,PDE7A,PDIA4,PLAA,PRR13,RANBP9,RANGRF,RASSF5,RIOX2,SPATC1L,TGFB3,TMEM128,TRAK1,ZBTB2"
Protein_PTMA,PTMA,28,"Protein_ADAMTSL4,Protein_AEBP2,Protein_BRI3BP,Protein_CCDC91,Protein_CDCA5,Protein_CTR9,Protein_CUBN,Protein_ERBIN,Protein_GNMT,Protein_LEPR,Protein_LMNB2,Protein_MAP7,Protein_MBD2,Protein_NAA16,Protein_NUS1,Protein_PDE7A,Protein_PDIA4,Protein_PLAA,Protein_PRR13,Protein_RANBP9,Protein_RANGRF,Protein_RASSF5,Protein_RIOX2,Protein_SPATC1L,Protein_TGFB3,Protein_TMEM128,Protein_TRAK1,Protein_ZBTB2","ADAMTSL4,AEBP2,BRI3BP,CCDC91,CDCA5,CTR9,CUBN,ERBIN,GNMT,LEPR,LMNB2,MAP7,MBD2,NAA16,NUS1,PDE7A,PDIA4,PLAA,PRR13,RANBP9,RANGRF,RASSF5,RIOX2,SPATC1L,TGFB3,TMEM128,TRAK1,ZBTB2"
Protein_PPP2CB,PPP2CB,28,"Protein_ADAMTSL4,Protein_AEBP2,Protein_BRI3BP,Protein_CCDC91,Protein_CDCA5,Protein_CTR9,Protein_CUBN,Protein_ERBIN,Protein_GNMT,Protein_LEPR,Protein_LMNB2,Protein_MAP7,Protein_MBD2,Protein_NAA16,Protein_NUS1,Protein_PDE7A,Protein_PDIA4,Protein_PLAA,Protein_PRR13,Protein_RANBP9,Protein_RANGRF,Protein_RASSF5,Protein_RIOX2,Protein_SPATC1L,Protein_TGFB3,Protein_TMEM128,Protein_TRAK1,Protein_ZBTB2","ADAMTSL4,AEBP2,BRI3BP,CCDC91,CDCA5,CTR9,CUBN,ERBIN,GNMT,LEPR,LMNB2,MAP7,MBD2,NAA16,NUS1,PDE7A,PDIA4,PLAA,PRR13,RANBP9,RANGRF,RASSF5,RIOX2,SPATC1L,TGFB3,TMEM128,TRAK1,ZBTB2"
Protein_SRPK2,SRPK2,28,"Protein_ADAMTSL4,Protein_AEBP2,Protein_BRI3BP,Protein_CCDC91,Protein_CDCA5,Protein_CTR9,Protein_CUBN,Protein_ERBIN,Protein_GNMT,Protein_LEPR,Protein_LMNB2,Protein_MAP7,Protein_MBD2,Protein_NAA16,Protein_NUS1,Protein_PDE7A,Protein_PDIA4,Protein_PLAA,Protein_PRR13,Protein_RANBP9,Protein_RANGRF,Protein_RASSF5,Protein_RIOX2,Protein_SPATC1L,Protein_TGFB3,Protein_TMEM128,Protein_TRAK1,Protein_ZBTB2","ADAMTSL4,AEBP2,BRI3BP,CCDC91,CDCA5,CTR9,CUBN,ERBIN,GNMT,LEPR,LMNB2,MAP7,MBD2,NAA16,NUS1,PDE7A,PDIA4,PLAA,PRR13,RANBP9,RANGRF,RASSF5,RIOX2,SPATC1L,TGFB3,TMEM128,TRAK1,ZBTB2"
Protein_CDC5L,CDC5L,28,"Protein_ADAMTSL4,Protein_AEBP2,Protein_BRI3BP,Protein_CCDC91,Protein_CDCA5,Protein_CTR9,Protein_CUBN,Protein_ERBIN,Protein_GNMT,Protein_LEPR,Protein_LMNB2,Protein_MAP7,Protein_MBD2,Protein_NAA16,Protein_NUS1,Protein_PDE7A,Protein_PDIA4,Protein_PLAA,Protein_PRR13,Protein_RANBP9,Protein_RANGRF,Protein_RASSF5,Protein_RIOX2,Protein_SPATC1L,Protein_TGFB3,Protein_TMEM128,Protein_TRAK1,Protein_ZBTB2","ADAMTSL4,AEBP2,BRI3BP,CCDC91,CDCA5,CTR9,CUBN,ERBIN,GNMT,LEPR,LMNB2,MAP7,MBD2,NAA16,NUS1,PDE7A,PDIA4,PLAA,PRR13,RANBP9,RANGRF,RASSF5,RIOX2,SPATC1L,TGFB3,TMEM128,TRAK1,ZBTB2"
Protein_THAP1,THAP1,28,"Protein_ADAMTSL4,Protein_AEBP2,Protein_BRI3BP,Protein_CCDC91,Protein_CDCA5,Protein_CTR9,Protein_CUBN,Protein_ERBIN,Protein_GNMT,Protein_LEPR,Protein_LMNB2,Protein_MAP7,Protein_MBD2,Protein_NAA16,Protein_NUS1,Protein_PDE7A,Protein_PDIA4,Protein_PLAA,Protein_PRR13,Protein_RANBP9,Protein_RANGRF,Protein_RASSF5,Protein_RIOX2,Protein_SPATC1L,Protein_TGFB3,Protein_TMEM128,Protein_TRAK1,Protein_ZBTB2","ADAMTSL4,AEBP2,BRI3BP,CCDC91,CDCA5,CTR9,CUBN,ERBIN,GNMT,LEPR,LMNB2,MAP7,MBD2,NAA16,NUS1,PDE7A,PDIA4,PLAA,PRR13,RANBP9,RANGRF,RASSF5,RIOX2,SPATC1L,TGFB3,TMEM128,TRAK1,ZBTB2"
Protein_MGST3,MGST3,28,"Protein_ADAMTSL4,Protein_AEBP2,Protein_BRI3BP,Protein_CCDC91,Protein_CDCA5,Protein_CTR9,Protein_CUBN,Protein_ERBIN,Protein_GNMT,Protein_LEPR,Protein_LMNB2,Protein_MAP7,Protein_MBD2,Protein_NAA16,Protein_NUS1,Protein_PDE7A,Protein_PDIA4,Protein_PLAA,Protein_PRR13,Protein_RANBP9,Protein_RANGRF,Protein_RASSF5,Protein_RIOX2,Protein_SPATC1L,Protein_TGFB3,Protein_TMEM128,Protein_TRAK1,Protein_ZBTB2","ADAMTSL4,AEBP2,BRI3BP,CCDC91,CDCA5,CTR9,CUBN,ERBIN,GNMT,LEPR,LMNB2,MAP7,MBD2,NAA16,NUS1,PDE7A,PDIA4,PLAA,PRR13,RANBP9,RANGRF,RASSF5,RIOX2,SPATC1L,TGFB3,TMEM128,TRAK1,ZBTB2"
Protein_NR3C1,NR3C1,28,"Protein_ADAMTSL4,Protein_AEBP2,Protein_BRI3BP,Protein_CCDC91,Protein_CDCA5,Protein_CTR9,Protein_CUBN,Protein_ERBIN,Protein_GNMT,Protein_LEPR,Protein_LMNB2,Protein_MAP7,Protein_MBD2,Protein_NAA16,Protein_NUS1,Protein_PDE7A,Protein_PDIA4,Protein_PLAA,Protein_PRR13,Protein_RANBP9,Protein_RANGRF,Protein_RASSF5,Protein_RIOX2,Protein_SPATC1L,Protein_TGFB3,Protein_TMEM128,Protein_TRAK1,Protein_ZBTB2","ADAMTSL4,AEBP2,BRI3BP,CCDC91,CDCA5,CTR9,CUBN,ERBIN,GNMT,LEPR,LMNB2,MAP7,MBD2,NAA16,NUS1,PDE7A,PDIA4,PLAA,PRR13,RANBP9,RANGRF,RASSF5,RIOX2,SPATC1L,TGFB3,TMEM128,TRAK1,ZBTB2"
Protein_RBBP4,RBBP4,28,"Protein_ADAMTSL4,Protein_AEBP2,Protein_BRI3BP,Protein_CCDC91,Protein_CDCA5,Protein_CTR9,Protein_CUBN,Protein_ERBIN,Protein_GNMT,Protein_LEPR,Protein_LMNB2,Protein_MAP7,Protein_MBD2,Protein_NAA16,Protein_NUS1,Protein_PDE7A,Protein_PDIA4,Protein_PLAA,Protein_PRR13,Protein_RANBP9,Protein_RANGRF,Protein_RASSF5,Protein_RIOX2,Protein_SPATC1L,Protein_TGFB3,Protein_TMEM128,Protein_TRAK1,Protein_ZBTB2","ADAMTSL4,AEBP2,BRI3BP,CCDC91,CDCA5,CTR9,CUBN,ERBIN,GNMT,LEPR,LMNB2,MAP7,MBD2,NAA16,NUS1,PDE7A,PDIA4,PLAA,PRR13,RANBP9,RANGRF,RASSF5,RIOX2,SPATC1L,TGFB3,TMEM128,TRAK1,ZBTB2"
Protein_TMEM208,TMEM208,28,"Protein_ADAMTSL4,Protein_AEBP2,Protein_BRI3BP,Protein_CCDC91,Protein_CDCA5,Protein_CTR9,Protein_CUBN,Protein_ERBIN,Protein_GNMT,Protein_LEPR,Protein_LMNB2,Protein_MAP7,Protein_MBD2,Protein_NAA16,Protein_NUS1,Protein_PDE7A,Protein_PDIA4,Protein_PLAA,Protein_PRR13,Protein_RANBP9,Protein_RANGRF,Protein_RASSF5,Protein_RIOX2,Protein_SPATC1L,Protein_TGFB3,Protein_TMEM128,Protein_TRAK1,Protein_ZBTB2","ADAMTSL4,AEBP2,BRI3BP,CCDC91,CDCA5,CTR9,CUBN,ERBIN,GNMT,LEPR,LMNB2,MAP7,MBD2,NAA16,NUS1,PDE7A,PDIA4,PLAA,PRR13,RANBP9,RANGRF,RASSF5,RIOX2,SPATC1L,TGFB3,TMEM128,TRAK1,ZBTB2"
Protein_CDK9,CDK9,28,"Protein_ADAMTSL4,Protein_AEBP2,Protein_BRI3BP,Protein_CCDC91,Protein_CDCA5,Protein_CTR9,Protein_CUBN,Protein_ERBIN,Protein_GNMT,Protein_LEPR,Protein_LMNB2,Protein_MAP7,Protein_MBD2,Protein_NAA16,Protein_NUS1,Protein_PDE7A,Protein_PDIA4,Protein_PLAA,Protein_PRR13,Protein_RANBP9,Protein_RANGRF,Protein_RASSF5,Protein_RIOX2,Protein_SPATC1L,Protein_TGFB3,Protein_TMEM128,Protein_TRAK1,Protein_ZBTB2","ADAMTSL4,AEBP2,BRI3BP,CCDC91,CDCA5,CTR9,CUBN,ERBIN,GNMT,LEPR,LMNB2,MAP7,MBD2,NAA16,NUS1,PDE7A,PDIA4,PLAA,PRR13,RANBP9,RANGRF,RASSF5,RIOX2,SPATC1L,TGFB3,TMEM128,TRAK1,ZBTB2"
Protein_SMNDC1,SMNDC1,28,"Protein_ADAMTSL4,Protein_AEBP2,Protein_BRI3BP,Protein_CCDC91,Protein_CDCA5,Protein_CTR9,Protein_CUBN,Protein_ERBIN,Protein_GNMT,Protein_LEPR,Protein_LMNB2,Protein_MAP7,Protein_MBD2,Protein_NAA16,Protein_NUS1,Protein_PDE7A,Protein_PDIA4,Protein_PLAA,Protein_PRR13,Protein_RANBP9,Protein_RANGRF,Protein_RASSF5,Protein_RIOX2,Protein_SPATC1L,Protein_TGFB3,Protein_TMEM128,Protein_TRAK1,Protein_ZBTB2","ADAMTSL4,AEBP2,BRI3BP,CCDC91,CDCA5,CTR9,CUBN,ERBIN,GNMT,LEPR,LMNB2,MAP7,MBD2,NAA16,NUS1,PDE7A,PDIA4,PLAA,PRR13,RANBP9,RANGRF,RASSF5,RIOX2,SPATC1L,TGFB3,TMEM128,TRAK1,ZBTB2"
Protein_SH3KBP1,SH3KBP1,28,"Protein_ADAMTSL4,Protein_AEBP2,Protein_BRI3BP,Protein_CCDC91,Protein_CDCA5,Protein_CTR9,Protein_CUBN,Protein_ERBIN,Protein_GNMT,Protein_LEPR,Protein_LMNB2,Protein_MAP7,Protein_MBD2,Protein_NAA16,Protein_NUS1,Protein_PDE7A,Protein_PDIA4,Protein_PLAA,Protein_PRR13,Protein_RANBP9,Protein_RANGRF,Protein_RASSF5,Protein_RIOX2,Protein_SPATC1L,Protein_TGFB3,Protein_TMEM128,Protein_TRAK1,Protein_ZBTB2","ADAMTSL4,AEBP2,BRI3BP,CCDC91,CDCA5,CTR9,CUBN,ERBIN,GNMT,LEPR,LMNB2,MAP7,MBD2,NAA16,NUS1,PDE7A,PDIA4,PLAA,PRR13,RANBP9,RANGRF,RASSF5,RIOX2,SPATC1L,TGFB3,TMEM128,TRAK1,ZBTB2"
Protein_LCOR,LCOR,28,"Protein_ADAMTSL4,Protein_AEBP2,Protein_BRI3BP,Protein_CCDC91,Protein_CDCA5,Protein_CTR9,Protein_CUBN,Protein_ERBIN,Protein_GNMT,Protein_LEPR,Protein_LMNB2,Protein_MAP7,Protein_MBD2,Protein_NAA16,Protein_NUS1,Protein_PDE7A,Protein_PDIA4,Protein_PLAA,Protein_PRR13,Protein_RANBP9,Protein_RANGRF,Protein_RASSF5,Protein_RIOX2,Protein_SPATC1L,Protein_TGFB3,Protein_TMEM128,Protein_TRAK1,Protein_ZBTB2","ADAMTSL4,AEBP2,BRI3BP,CCDC91,CDCA5,CTR9,CUBN,ERBIN,GNMT,LEPR,LMNB2,MAP7,MBD2,NAA16,NUS1,PDE7A,PDIA4,PLAA,PRR13,RANBP9,RANGRF,RASSF5,RIOX2,SPATC1L,TGFB3,TMEM128,TRAK1,ZBTB2"
Protein_RNF185,RNF185,28,"Protein_ADAMTSL4,Protein_AEBP2,Protein_BRI3BP,Protein_CCDC91,Protein_CDCA5,Protein_CTR9,Protein_CUBN,Protein_ERBIN,Protein_GNMT,Protein_LEPR,Protein_LMNB2,Protein_MAP7,Protein_MBD2,Protein_NAA16,Protein_NUS1,Protein_PDE7A,Protein_PDIA4,Protein_PLAA,Protein_PRR13,Protein_RANBP9,Protein_RANGRF,Protein_RASSF5,Protein_RIOX2,Protein_SPATC1L,Protein_TGFB3,Protein_TMEM128,Protein_TRAK1,Protein_ZBTB2","ADAMTSL4,AEBP2,BRI3BP,CCDC91,CDCA5,CTR9,CUBN,ERBIN,GNMT,LEPR,LMNB2,MAP7,MBD2,NAA16,NUS1,PDE7A,PDIA4,PLAA,PRR13,RANBP9,RANGRF,RASSF5,RIOX2,SPATC1L,TGFB3,TMEM128,TRAK1,ZBTB2"
Protein_BAZ1B,BAZ1B,28,"Protein_ADAMTSL4,Protein_AEBP2,Protein_BRI3BP,Protein_CCDC91,Protein_CDCA5,Protein_CTR9,Protein_CUBN,Protein_ERBIN,Protein_GNMT,Protein_LEPR,Protein_LMNB2,Protein_MAP7,Protein_MBD2,Protein_NAA16,Protein_NUS1,Protein_PDE7A,Protein_PDIA4,Protein_PLAA,Protein_PRR13,Protein_RANBP9,Protein_RANGRF,Protein_RASSF5,Protein_RIOX2,Protein_SPATC1L,Protein_TGFB3,Protein_TMEM128,Protein_TRAK1,Protein_ZBTB2","ADAMTSL4,AEBP2,BRI3BP,CCDC91,CDCA5,CTR9,CUBN,ERBIN,GNMT,LEPR,LMNB2,MAP7,MBD2,NAA16,NUS1,PDE7A,PDIA4,PLAA,PRR13,RANBP9,RANGRF,RASSF5,RIOX2,SPATC1L,TGFB3,TMEM128,TRAK1,ZBTB2"
Protein_ILF3,ILF3,28,"Protein_ADAMTSL4,Protein_AEBP2,Protein_BRI3BP,Protein_CCDC91,Protein_CDCA5,Protein_CTR9,Protein_CUBN,Protein_ERBIN,Protein_GNMT,Protein_LEPR,Protein_LMNB2,Protein_MAP7,Protein_MBD2,Protein_NAA16,Protein_NUS1,Protein_PDE7A,Protein_PDIA4,Protein_PLAA,Protein_PRR13,Protein_RANBP9,Protein_RANGRF,Protein_RASSF5,Protein_RIOX2,Protein_SPATC1L,Protein_TGFB3,Protein_TMEM128,Protein_TRAK1,Protein_ZBTB2","ADAMTSL4,AEBP2,BRI3BP,CCDC91,CDCA5,CTR9,CUBN,ERBIN,GNMT,LEPR,LMNB2,MAP7,MBD2,NAA16,NUS1,PDE7A,PDIA4,PLAA,PRR13,RANBP9,RANGRF,RASSF5,RIOX2,SPATC1L,TGFB3,TMEM128,TRAK1,ZBTB2"
Protein_CCNH,CCNH,28,"Protein_ADAMTSL4,Protein_AEBP2,Protein_BRI3BP,Protein_CCDC91,Protein_CDCA5,Protein_CTR9,Protein_CUBN,Protein_ERBIN,Protein_GNMT,Protein_LEPR,Protein_LMNB2,Protein_MAP7,Protein_MBD2,Protein_NAA16,Protein_NUS1,Protein_PDE7A,Protein_PDIA4,Protein_PLAA,Protein_PRR13,Protein_RANBP9,Protein_RANGRF,Protein_RASSF5,Protein_RIOX2,Protein_SPATC1L,Protein_TGFB3,Protein_TMEM128,Protein_TRAK1,Protein_ZBTB2","ADAMTSL4,AEBP2,BRI3BP,CCDC91,CDCA5,CTR9,CUBN,ERBIN,GNMT,LEPR,LMNB2,MAP7,MBD2,NAA16,NUS1,PDE7A,PDIA4,PLAA,PRR13,RANBP9,RANGRF,RASSF5,RIOX2,SPATC1L,TGFB3,TMEM128,TRAK1,ZBTB2"
Protein_ZC3H18,ZC3H18,28,"Protein_ADAMTSL4,Protein_AEBP2,Protein_BRI3BP,Protein_CCDC91,Protein_CDCA5,Protein_CTR9,Protein_CUBN,Protein_ERBIN,Protein_GNMT,Protein_LEPR,Protein_LMNB2,Protein_MAP7,Protein_MBD2,Protein_NAA16,Protein_NUS1,Protein_PDE7A,Protein_PDIA4,Protein_PLAA,Protein_PRR13,Protein_RANBP9,Protein_RANGRF,Protein_RASSF5,Protein_RIOX2,Protein_SPATC1L,Protein_TGFB3,Protein_TMEM128,Protein_TRAK1,Protein_ZBTB2","ADAMTSL4,AEBP2,BRI3BP,CCDC91,CDCA5,CTR9,CUBN,ERBIN,GNMT,LEPR,LMNB2,MAP7,MBD2,NAA16,NUS1,PDE7A,PDIA4,PLAA,PRR13,RANBP9,RANGRF,RASSF5,RIOX2,SPATC1L,TGFB3,TMEM128,TRAK1,ZBTB2"
Protein_TCEA1,TCEA1,28,"Protein_ADAMTSL4,Protein_AEBP2,Protein_BRI3BP,Protein_CCDC91,Protein_CDCA5,Protein_CTR9,Protein_CUBN,Protein_ERBIN,Protein_GNMT,Protein_LEPR,Protein_LMNB2,Protein_MAP7,Protein_MBD2,Protein_NAA16,Protein_NUS1,Protein_PDE7A,Protein_PDIA4,Protein_PLAA,Protein_PRR13,Protein_RANBP9,Protein_RANGRF,Protein_RASSF5,Protein_RIOX2,Protein_SPATC1L,Protein_TGFB3,Protein_TMEM128,Protein_TRAK1,Protein_ZBTB2","ADAMTSL4,AEBP2,BRI3BP,CCDC91,CDCA5,CTR9,CUBN,ERBIN,GNMT,LEPR,LMNB2,MAP7,MBD2,NAA16,NUS1,PDE7A,PDIA4,PLAA,PRR13,RANBP9,RANGRF,RASSF5,RIOX2,SPATC1L,TGFB3,TMEM128,TRAK1,ZBTB2"
Protein_TSEN15,TSEN15,28,"Protein_ADAMTSL4,Protein_AEBP2,Protein_BRI3BP,Protein_CCDC91,Protein_CDCA5,Protein_CTR9,Protein_CUBN,Protein_ERBIN,Protein_GNMT,Protein_LEPR,Protein_LMNB2,Protein_MAP7,Protein_MBD2,Protein_NAA16,Protein_NUS1,Protein_PDE7A,Protein_PDIA4,Protein_PLAA,Protein_PRR13,Protein_RANBP9,Protein_RANGRF,Protein_RASSF5,Protein_RIOX2,Protein_SPATC1L,Protein_TGFB3,Protein_TMEM128,Protein_TRAK1,Protein_ZBTB2","ADAMTSL4,AEBP2,BRI3BP,CCDC91,CDCA5,CTR9,CUBN,ERBIN,GNMT,LEPR,LMNB2,MAP7,MBD2,NAA16,NUS1,PDE7A,PDIA4,PLAA,PRR13,RANBP9,RANGRF,RASSF5,RIOX2,SPATC1L,TGFB3,TMEM128,TRAK1,ZBTB2"
Protein_HSD17B11,HSD17B11,28,"Protein_ADAMTSL4,Protein_AEBP2,Protein_BRI3BP,Protein_CCDC91,Protein_CDCA5,Protein_CTR9,Protein_CUBN,Protein_ERBIN,Protein_GNMT,Protein_LEPR,Protein_LMNB2,Protein_MAP7,Protein_MBD2,Protein_NAA16,Protein_NUS1,Protein_PDE7A,Protein_PDIA4,Protein_PLAA,Protein_PRR13,Protein_RANBP9,Protein_RANGRF,Protein_RASSF5,Protein_RIOX2,Protein_SPATC1L,Protein_TGFB3,Protein_TMEM128,Protein_TRAK1,Protein_ZBTB2","ADAMTSL4,AEBP2,BRI3BP,CCDC91,CDCA5,CTR9,CUBN,ERBIN,GNMT,LEPR,LMNB2,MAP7,MBD2,NAA16,NUS1,PDE7A,PDIA4,PLAA,PRR13,RANBP9,RANGRF,RASSF5,RIOX2,SPATC1L,TGFB3,TMEM128,TRAK1,ZBTB2"
Protein_TNFAIP8,TNFAIP8,28,"Protein_ADAMTSL4,Protein_AEBP2,Protein_BRI3BP,Protein_CCDC91,Protein_CDCA5,Protein_CTR9,Protein_CUBN,Protein_ERBIN,Protein_GNMT,Protein_LEPR,Protein_LMNB2,Protein_MAP7,Protein_MBD2,Protein_NAA16,Protein_NUS1,Protein_PDE7A,Protein_PDIA4,Protein_PLAA,Protein_PRR13,Protein_RANBP9,Protein_RANGRF,Protein_RASSF5,Protein_RIOX2,Protein_SPATC1L,Protein_TGFB3,Protein_TMEM128,Protein_TRAK1,Protein_ZBTB2","ADAMTSL4,AEBP2,BRI3BP,CCDC91,CDCA5,CTR9,CUBN,ERBIN,GNMT,LEPR,LMNB2,MAP7,MBD2,NAA16,NUS1,PDE7A,PDIA4,PLAA,PRR13,RANBP9,RANGRF,RASSF5,RIOX2,SPATC1L,TGFB3,TMEM128,TRAK1,ZBTB2"
Protein_SMC1A,SMC1A,28,"Protein_ADAMTSL4,Protein_AEBP2,Protein_BRI3BP,Protein_CCDC91,Protein_CDCA5,Protein_CTR9,Protein_CUBN,Protein_ERBIN,Protein_GNMT,Protein_LEPR,Protein_LMNB2,Protein_MAP7,Protein_MBD2,Protein_NAA16,Protein_NUS1,Protein_PDE7A,Protein_PDIA4,Protein_PLAA,Protein_PRR13,Protein_RANBP9,Protein_RANGRF,Protein_RASSF5,Protein_RIOX2,Protein_SPATC1L,Protein_TGFB3,Protein_TMEM128,Protein_TRAK1,Protein_ZBTB2","ADAMTSL4,AEBP2,BRI3BP,CCDC91,CDCA5,CTR9,CUBN,ERBIN,GNMT,LEPR,LMNB2,MAP7,MBD2,NAA16,NUS1,PDE7A,PDIA4,PLAA,PRR13,RANBP9,RANGRF,RASSF5,RIOX2,SPATC1L,TGFB3,TMEM128,TRAK1,ZBTB2"
Protein_SUPT5H,SUPT5H,28,"Protein_ADAMTSL4,Protein_AEBP2,Protein_BRI3BP,Protein_CCDC91,Protein_CDCA5,Protein_CTR9,Protein_CUBN,Protein_ERBIN,Protein_GNMT,Protein_LEPR,Protein_LMNB2,Protein_MAP7,Protein_MBD2,Protein_NAA16,Protein_NUS1,Protein_PDE7A,Protein_PDIA4,Protein_PLAA,Protein_PRR13,Protein_RANBP9,Protein_RANGRF,Protein_RASSF5,Protein_RIOX2,Protein_SPATC1L,Protein_TGFB3,Protein_TMEM128,Protein_TRAK1,Protein_ZBTB2","ADAMTSL4,AEBP2,BRI3BP,CCDC91,CDCA5,CTR9,CUBN,ERBIN,GNMT,LEPR,LMNB2,MAP7,MBD2,NAA16,NUS1,PDE7A,PDIA4,PLAA,PRR13,RANBP9,RANGRF,RASSF5,RIOX2,SPATC1L,TGFB3,TMEM128,TRAK1,ZBTB2"
Protein_SIAH1,SIAH1,28,"Protein_ADAMTSL4,Protein_AEBP2,Protein_BRI3BP,Protein_CCDC91,Protein_CDCA5,Protein_CTR9,Protein_CUBN,Protein_ERBIN,Protein_GNMT,Protein_LEPR,Protein_LMNB2,Protein_MAP7,Protein_MBD2,Protein_NAA16,Protein_NUS1,Protein_PDE7A,Protein_PDIA4,Protein_PLAA,Protein_PRR13,Protein_RANBP9,Protein_RANGRF,Protein_RASSF5,Protein_RIOX2,Protein_SPATC1L,Protein_TGFB3,Protein_TMEM128,Protein_TRAK1,Protein_ZBTB2","ADAMTSL4,AEBP2,BRI3BP,CCDC91,CDCA5,CTR9,CUBN,ERBIN,GNMT,LEPR,LMNB2,MAP7,MBD2,NAA16,NUS1,PDE7A,PDIA4,PLAA,PRR13,RANBP9,RANGRF,RASSF5,RIOX2,SPATC1L,TGFB3,TMEM128,TRAK1,ZBTB2"
Protein_TCTN3,TCTN3,28,"Protein_ADAMTSL4,Protein_AEBP2,Protein_BRI3BP,Protein_CCDC91,Protein_CDCA5,Protein_CTR9,Protein_CUBN,Protein_ERBIN,Protein_GNMT,Protein_LEPR,Protein_LMNB2,Protein_MAP7,Protein_MBD2,Protein_NAA16,Protein_NUS1,Protein_PDE7A,Protein_PDIA4,Protein_PLAA,Protein_PRR13,Protein_RANBP9,Protein_RANGRF,Protein_RASSF5,Protein_RIOX2,Protein_SPATC1L,Protein_TGFB3,Protein_TMEM128,Protein_TRAK1,Protein_ZBTB2","ADAMTSL4,AEBP2,BRI3BP,CCDC91,CDCA5,CTR9,CUBN,ERBIN,GNMT,LEPR,LMNB2,MAP7,MBD2,NAA16,NUS1,PDE7A,PDIA4,PLAA,PRR13,RANBP9,RANGRF,RASSF5,RIOX2,SPATC1L,TGFB3,TMEM128,TRAK1,ZBTB2"
Protein_NXF1,NXF1,28,"Protein_ADAMTSL4,Protein_AEBP2,Protein_BRI3BP,Protein_CCDC91,Protein_CDCA5,Protein_CTR9,Protein_CUBN,Protein_ERBIN,Protein_GNMT,Protein_LEPR,Protein_LMNB2,Protein_MAP7,Protein_MBD2,Protein_NAA16,Protein_NUS1,Protein_PDE7A,Protein_PDIA4,Protein_PLAA,Protein_PRR13,Protein_RANBP9,Protein_RANGRF,Protein_RASSF5,Protein_RIOX2,Protein_SPATC1L,Protein_TGFB3,Protein_TMEM128,Protein_TRAK1,Protein_ZBTB2","ADAMTSL4,AEBP2,BRI3BP,CCDC91,CDCA5,CTR9,CUBN,ERBIN,GNMT,LEPR,LMNB2,MAP7,MBD2,NAA16,NUS1,PDE7A,PDIA4,PLAA,PRR13,RANBP9,RANGRF,RASSF5,RIOX2,SPATC1L,TGFB3,TMEM128,TRAK1,ZBTB2"
Protein_TUBG1,TUBG1,28,"Protein_ADAMTSL4,Protein_AEBP2,Protein_BRI3BP,Protein_CCDC91,Protein_CDCA5,Protein_CTR9,Protein_CUBN,Protein_ERBIN,Protein_GNMT,Protein_LEPR,Protein_LMNB2,Protein_MAP7,Protein_MBD2,Protein_NAA16,Protein_NUS1,Protein_PDE7A,Protein_PDIA4,Protein_PLAA,Protein_PRR13,Protein_RANBP9,Protein_RANGRF,Protein_RASSF5,Protein_RIOX2,Protein_SPATC1L,Protein_TGFB3,Protein_TMEM128,Protein_TRAK1,Protein_ZBTB2","ADAMTSL4,AEBP2,BRI3BP,CCDC91,CDCA5,CTR9,CUBN,ERBIN,GNMT,LEPR,LMNB2,MAP7,MBD2,NAA16,NUS1,PDE7A,PDIA4,PLAA,PRR13,RANBP9,RANGRF,RASSF5,RIOX2,SPATC1L,TGFB3,TMEM128,TRAK1,ZBTB2"
Protein_RNF31,RNF31,28,"Protein_ADAMTSL4,Protein_AEBP2,Protein_BRI3BP,Protein_CCDC91,Protein_CDCA5,Protein_CTR9,Protein_CUBN,Protein_ERBIN,Protein_GNMT,Protein_LEPR,Protein_LMNB2,Protein_MAP7,Protein_MBD2,Protein_NAA16,Protein_NUS1,Protein_PDE7A,Protein_PDIA4,Protein_PLAA,Protein_PRR13,Protein_RANBP9,Protein_RANGRF,Protein_RASSF5,Protein_RIOX2,Protein_SPATC1L,Protein_TGFB3,Protein_TMEM128,Protein_TRAK1,Protein_ZBTB2","ADAMTSL4,AEBP2,BRI3BP,CCDC91,CDCA5,CTR9,CUBN,ERBIN,GNMT,LEPR,LMNB2,MAP7,MBD2,NAA16,NUS1,PDE7A,PDIA4,PLAA,PRR13,RANBP9,RANGRF,RASSF5,RIOX2,SPATC1L,TGFB3,TMEM128,TRAK1,ZBTB2"
Protein_VAC14,VAC14,28,"Protein_ADAMTSL4,Protein_AEBP2,Protein_BRI3BP,Protein_CCDC91,Protein_CDCA5,Protein_CTR9,Protein_CUBN,Protein_ERBIN,Protein_GNMT,Protein_LEPR,Protein_LMNB2,Protein_MAP7,Protein_MBD2,Protein_NAA16,Protein_NUS1,Protein_PDE7A,Protein_PDIA4,Protein_PLAA,Protein_PRR13,Protein_RANBP9,Protein_RANGRF,Protein_RASSF5,Protein_RIOX2,Protein_SPATC1L,Protein_TGFB3,Protein_TMEM128,Protein_TRAK1,Protein_ZBTB2","ADAMTSL4,AEBP2,BRI3BP,CCDC91,CDCA5,CTR9,CUBN,ERBIN,GNMT,LEPR,LMNB2,MAP7,MBD2,NAA16,NUS1,PDE7A,PDIA4,PLAA,PRR13,RANBP9,RANGRF,RASSF5,RIOX2,SPATC1L,TGFB3,TMEM128,TRAK1,ZBTB2"
Protein_PRCP,PRCP,28,"Protein_ADAMTSL4,Protein_AEBP2,Protein_BRI3BP,Protein_CCDC91,Protein_CDCA5,Protein_CTR9,Protein_CUBN,Protein_ERBIN,Protein_GNMT,Protein_LEPR,Protein_LMNB2,Protein_MAP7,Protein_MBD2,Protein_NAA16,Protein_NUS1,Protein_PDE7A,Protein_PDIA4,Protein_PLAA,Protein_PRR13,Protein_RANBP9,Protein_RANGRF,Protein_RASSF5,Protein_RIOX2,Protein_SPATC1L,Protein_TGFB3,Protein_TMEM128,Protein_TRAK1,Protein_ZBTB2","ADAMTSL4,AEBP2,BRI3BP,CCDC91,CDCA5,CTR9,CUBN,ERBIN,GNMT,LEPR,LMNB2,MAP7,MBD2,NAA16,NUS1,PDE7A,PDIA4,PLAA,PRR13,RANBP9,RANGRF,RASSF5,RIOX2,SPATC1L,TGFB3,TMEM128,TRAK1,ZBTB2"
Protein_RTN4,RTN4,28,"Protein_ADAMTSL4,Protein_AEBP2,Protein_BRI3BP,Protein_CCDC91,Protein_CDCA5,Protein_CTR9,Protein_CUBN,Protein_ERBIN,Protein_GNMT,Protein_LEPR,Protein_LMNB2,Protein_MAP7,Protein_MBD2,Protein_NAA16,Protein_NUS1,Protein_PDE7A,Protein_PDIA4,Protein_PLAA,Protein_PRR13,Protein_RANBP9,Protein_RANGRF,Protein_RASSF5,Protein_RIOX2,Protein_SPATC1L,Protein_TGFB3,Protein_TMEM128,Protein_TRAK1,Protein_ZBTB2","ADAMTSL4,AEBP2,BRI3BP,CCDC91,CDCA5,CTR9,CUBN,ERBIN,GNMT,LEPR,LMNB2,MAP7,MBD2,NAA16,NUS1,PDE7A,PDIA4,PLAA,PRR13,RANBP9,RANGRF,RASSF5,RIOX2,SPATC1L,TGFB3,TMEM128,TRAK1,ZBTB2"
Protein_GRB2,GRB2,28,"Protein_ADAMTSL4,Protein_AEBP2,Protein_BRI3BP,Protein_CCDC91,Protein_CDCA5,Protein_CTR9,Protein_CUBN,Protein_ERBIN,Protein_GNMT,Protein_LEPR,Protein_LMNB2,Protein_MAP7,Protein_MBD2,Protein_NAA16,Protein_NUS1,Protein_PDE7A,Protein_PDIA4,Protein_PLAA,Protein_PRR13,Protein_RANBP9,Protein_RANGRF,Protein_RASSF5,Protein_RIOX2,Protein_SPATC1L,Protein_TGFB3,Protein_TMEM128,Protein_TRAK1,Protein_ZBTB2","ADAMTSL4,AEBP2,BRI3BP,CCDC91,CDCA5,CTR9,CUBN,ERBIN,GNMT,LEPR,LMNB2,MAP7,MBD2,NAA16,NUS1,PDE7A,PDIA4,PLAA,PRR13,RANBP9,RANGRF,RASSF5,RIOX2,SPATC1L,TGFB3,TMEM128,TRAK1,ZBTB2"
Protein_THAP6,THAP6,28,"Protein_ADAMTSL4,Protein_AEBP2,Protein_BRI3BP,Protein_CCDC91,Protein_CDCA5,Protein_CTR9,Protein_CUBN,Protein_ERBIN,Protein_GNMT,Protein_LEPR,Protein_LMNB2,Protein_MAP7,Protein_MBD2,Protein_NAA16,Protein_NUS1,Protein_PDE7A,Protein_PDIA4,Protein_PLAA,Protein_PRR13,Protein_RANBP9,Protein_RANGRF,Protein_RASSF5,Protein_RIOX2,Protein_SPATC1L,Protein_TGFB3,Protein_TMEM128,Protein_TRAK1,Protein_ZBTB2","ADAMTSL4,AEBP2,BRI3BP,CCDC91,CDCA5,CTR9,CUBN,ERBIN,GNMT,LEPR,LMNB2,MAP7,MBD2,NAA16,NUS1,PDE7A,PDIA4,PLAA,PRR13,RANBP9,RANGRF,RASSF5,RIOX2,SPATC1L,TGFB3,TMEM128,TRAK1,ZBTB2"
Protein_REEP5,REEP5,28,"Protein_ADAMTSL4,Protein_AEBP2,Protein_BRI3BP,Protein_CCDC91,Protein_CDCA5,Protein_CTR9,Protein_CUBN,Protein_ERBIN,Protein_GNMT,Protein_LEPR,Protein_LMNB2,Protein_MAP7,Protein_MBD2,Protein_NAA16,Protein_NUS1,Protein_PDE7A,Protein_PDIA4,Protein_PLAA,Protein_PRR13,Protein_RANBP9,Protein_RANGRF,Protein_RASSF5,Protein_RIOX2,Protein_SPATC1L,Protein_TGFB3,Protein_TMEM128,Protein_TRAK1,Protein_ZBTB2","ADAMTSL4,AEBP2,BRI3BP,CCDC91,CDCA5,CTR9,CUBN,ERBIN,GNMT,LEPR,LMNB2,MAP7,MBD2,NAA16,NUS1,PDE7A,PDIA4,PLAA,PRR13,RANBP9,RANGRF,RASSF5,RIOX2,SPATC1L,TGFB3,TMEM128,TRAK1,ZBTB2"
Protein_ANKRA2,ANKRA2,28,"Protein_ADAMTSL4,Protein_AEBP2,Protein_BRI3BP,Protein_CCDC91,Protein_CDCA5,Protein_CTR9,Protein_CUBN,Protein_ERBIN,Protein_GNMT,Protein_LEPR,Protein_LMNB2,Protein_MAP7,Protein_MBD2,Protein_NAA16,Protein_NUS1,Protein_PDE7A,Protein_PDIA4,Protein_PLAA,Protein_PRR13,Protein_RANBP9,Protein_RANGRF,Protein_RASSF5,Protein_RIOX2,Protein_SPATC1L,Protein_TGFB3,Protein_TMEM128,Protein_TRAK1,Protein_ZBTB2","ADAMTSL4,AEBP2,BRI3BP,CCDC91,CDCA5,CTR9,CUBN,ERBIN,GNMT,LEPR,LMNB2,MAP7,MBD2,NAA16,NUS1,PDE7A,PDIA4,PLAA,PRR13,RANBP9,RANGRF,RASSF5,RIOX2,SPATC1L,TGFB3,TMEM128,TRAK1,ZBTB2"
Protein_PPP1R2,PPP1R2,28,"Protein_ADAMTSL4,Protein_AEBP2,Protein_BRI3BP,Protein_CCDC91,Protein_CDCA5,Protein_CTR9,Protein_CUBN,Protein_ERBIN,Protein_GNMT,Protein_LEPR,Protein_LMNB2,Protein_MAP7,Protein_MBD2,Protein_NAA16,Protein_NUS1,Protein_PDE7A,Protein_PDIA4,Protein_PLAA,Protein_PRR13,Protein_RANBP9,Protein_RANGRF,Protein_RASSF5,Protein_RIOX2,Protein_SPATC1L,Protein_TGFB3,Protein_TMEM128,Protein_TRAK1,Protein_ZBTB2","ADAMTSL4,AEBP2,BRI3BP,CCDC91,CDCA5,CTR9,CUBN,ERBIN,GNMT,LEPR,LMNB2,MAP7,MBD2,NAA16,NUS1,PDE7A,PDIA4,PLAA,PRR13,RANBP9,RANGRF,RASSF5,RIOX2,SPATC1L,TGFB3,TMEM128,TRAK1,ZBTB2"
Protein_CLK1,CLK1,28,"Protein_ADAMTSL4,Protein_AEBP2,Protein_BRI3BP,Protein_CCDC91,Protein_CDCA5,Protein_CTR9,Protein_CUBN,Protein_ERBIN,Protein_GNMT,Protein_LEPR,Protein_LMNB2,Protein_MAP7,Protein_MBD2,Protein_NAA16,Protein_NUS1,Protein_PDE7A,Protein_PDIA4,Protein_PLAA,Protein_PRR13,Protein_RANBP9,Protein_RANGRF,Protein_RASSF5,Protein_RIOX2,Protein_SPATC1L,Protein_TGFB3,Protein_TMEM128,Protein_TRAK1,Protein_ZBTB2","ADAMTSL4,AEBP2,BRI3BP,CCDC91,CDCA5,CTR9,CUBN,ERBIN,GNMT,LEPR,LMNB2,MAP7,MBD2,NAA16,NUS1,PDE7A,PDIA4,PLAA,PRR13,RANBP9,RANGRF,RASSF5,RIOX2,SPATC1L,TGFB3,TMEM128,TRAK1,ZBTB2"
Protein_TRIP6,TRIP6,28,"Protein_ADAMTSL4,Protein_AEBP2,Protein_BRI3BP,Protein_CCDC91,Protein_CDCA5,Protein_CTR9,Protein_CUBN,Protein_ERBIN,Protein_GNMT,Protein_LEPR,Protein_LMNB2,Protein_MAP7,Protein_MBD2,Protein_NAA16,Protein_NUS1,Protein_PDE7A,Protein_PDIA4,Protein_PLAA,Protein_PRR13,Protein_RANBP9,Protein_RANGRF,Protein_RASSF5,Protein_RIOX2,Protein_SPATC1L,Protein_TGFB3,Protein_TMEM128,Protein_TRAK1,Protein_ZBTB2","ADAMTSL4,AEBP2,BRI3BP,CCDC91,CDCA5,CTR9,CUBN,ERBIN,GNMT,LEPR,LMNB2,MAP7,MBD2,NAA16,NUS1,PDE7A,PDIA4,PLAA,PRR13,RANBP9,RANGRF,RASSF5,RIOX2,SPATC1L,TGFB3,TMEM128,TRAK1,ZBTB2"
Protein_FBXW5,FBXW5,28,"Protein_ADAMTSL4,Protein_AEBP2,Protein_BRI3BP,Protein_CCDC91,Protein_CDCA5,Protein_CTR9,Protein_CUBN,Protein_ERBIN,Protein_GNMT,Protein_LEPR,Protein_LMNB2,Protein_MAP7,Protein_MBD2,Protein_NAA16,Protein_NUS1,Protein_PDE7A,Protein_PDIA4,Protein_PLAA,Protein_PRR13,Protein_RANBP9,Protein_RANGRF,Protein_RASSF5,Protein_RIOX2,Protein_SPATC1L,Protein_TGFB3,Protein_TMEM128,Protein_TRAK1,Protein_ZBTB2","ADAMTSL4,AEBP2,BRI3BP,CCDC91,CDCA5,CTR9,CUBN,ERBIN,GNMT,LEPR,LMNB2,MAP7,MBD2,NAA16,NUS1,PDE7A,PDIA4,PLAA,PRR13,RANBP9,RANGRF,RASSF5,RIOX2,SPATC1L,TGFB3,TMEM128,TRAK1,ZBTB2"
Protein_GABARAPL2,GABARAPL2,28,"Protein_ADAMTSL4,Protein_AEBP2,Protein_BRI3BP,Protein_CCDC91,Protein_CDCA5,Protein_CTR9,Protein_CUBN,Protein_ERBIN,Protein_GNMT,Protein_LEPR,Protein_LMNB2,Protein_MAP7,Protein_MBD2,Protein_NAA16,Protein_NUS1,Protein_PDE7A,Protein_PDIA4,Protein_PLAA,Protein_PRR13,Protein_RANBP9,Protein_RANGRF,Protein_RASSF5,Protein_RIOX2,Protein_SPATC1L,Protein_TGFB3,Protein_TMEM128,Protein_TRAK1,Protein_ZBTB2","ADAMTSL4,AEBP2,BRI3BP,CCDC91,CDCA5,CTR9,CUBN,ERBIN,GNMT,LEPR,LMNB2,MAP7,MBD2,NAA16,NUS1,PDE7A,PDIA4,PLAA,PRR13,RANBP9,RANGRF,RASSF5,RIOX2,SPATC1L,TGFB3,TMEM128,TRAK1,ZBTB2"
Protein_PARP6,PARP6,28,"Protein_ADAMTSL4,Protein_AEBP2,Protein_BRI3BP,Protein_CCDC91,Protein_CDCA5,Protein_CTR9,Protein_CUBN,Protein_ERBIN,Protein_GNMT,Protein_LEPR,Protein_LMNB2,Protein_MAP7,Protein_MBD2,Protein_NAA16,Protein_NUS1,Protein_PDE7A,Protein_PDIA4,Protein_PLAA,Protein_PRR13,Protein_RANBP9,Protein_RANGRF,Protein_RASSF5,Protein_RIOX2,Protein_SPATC1L,Protein_TGFB3,Protein_TMEM128,Protein_TRAK1,Protein_ZBTB2","ADAMTSL4,AEBP2,BRI3BP,CCDC91,CDCA5,CTR9,CUBN,ERBIN,GNMT,LEPR,LMNB2,MAP7,MBD2,NAA16,NUS1,PDE7A,PDIA4,PLAA,PRR13,RANBP9,RANGRF,RASSF5,RIOX2,SPATC1L,TGFB3,TMEM128,TRAK1,ZBTB2"
Protein_PRC1,PRC1,28,"Protein_ADAMTSL4,Protein_AEBP2,Protein_BRI3BP,Protein_CCDC91,Protein_CDCA5,Protein_CTR9,Protein_CUBN,Protein_ERBIN,Protein_GNMT,Protein_LEPR,Protein_LMNB2,Protein_MAP7,Protein_MBD2,Protein_NAA16,Protein_NUS1,Protein_PDE7A,Protein_PDIA4,Protein_PLAA,Protein_PRR13,Protein_RANBP9,Protein_RANGRF,Protein_RASSF5,Protein_RIOX2,Protein_SPATC1L,Protein_TGFB3,Protein_TMEM128,Protein_TRAK1,Protein_ZBTB2","ADAMTSL4,AEBP2,BRI3BP,CCDC91,CDCA5,CTR9,CUBN,ERBIN,GNMT,LEPR,LMNB2,MAP7,MBD2,NAA16,NUS1,PDE7A,PDIA4,PLAA,PRR13,RANBP9,RANGRF,RASSF5,RIOX2,SPATC1L,TGFB3,TMEM128,TRAK1,ZBTB2"
Protein_PAK2,PAK2,28,"Protein_ADAMTSL4,Protein_AEBP2,Protein_BRI3BP,Protein_CCDC91,Protein_CDCA5,Protein_CTR9,Protein_CUBN,Protein_ERBIN,Protein_GNMT,Protein_LEPR,Protein_LMNB2,Protein_MAP7,Protein_MBD2,Protein_NAA16,Protein_NUS1,Protein_PDE7A,Protein_PDIA4,Protein_PLAA,Protein_PRR13,Protein_RANBP9,Protein_RANGRF,Protein_RASSF5,Protein_RIOX2,Protein_SPATC1L,Protein_TGFB3,Protein_TMEM128,Protein_TRAK1,Protein_ZBTB2","ADAMTSL4,AEBP2,BRI3BP,CCDC91,CDCA5,CTR9,CUBN,ERBIN,GNMT,LEPR,LMNB2,MAP7,MBD2,NAA16,NUS1,PDE7A,PDIA4,PLAA,PRR13,RANBP9,RANGRF,RASSF5,RIOX2,SPATC1L,TGFB3,TMEM128,TRAK1,ZBTB2"
Protein_SDCBP,SDCBP,28,"Protein_ADAMTSL4,Protein_AEBP2,Protein_BRI3BP,Protein_CCDC91,Protein_CDCA5,Protein_CTR9,Protein_CUBN,Protein_ERBIN,Protein_GNMT,Protein_LEPR,Protein_LMNB2,Protein_MAP7,Protein_MBD2,Protein_NAA16,Protein_NUS1,Protein_PDE7A,Protein_PDIA4,Protein_PLAA,Protein_PRR13,Protein_RANBP9,Protein_RANGRF,Protein_RASSF5,Protein_RIOX2,Protein_SPATC1L,Protein_TGFB3,Protein_TMEM128,Protein_TRAK1,Protein_ZBTB2","ADAMTSL4,AEBP2,BRI3BP,CCDC91,CDCA5,CTR9,CUBN,ERBIN,GNMT,LEPR,LMNB2,MAP7,MBD2,NAA16,NUS1,PDE7A,PDIA4,PLAA,PRR13,RANBP9,RANGRF,RASSF5,RIOX2,SPATC1L,TGFB3,TMEM128,TRAK1,ZBTB2"
Protein_CDC42,CDC42,28,"Protein_ADAMTSL4,Protein_AEBP2,Protein_BRI3BP,Protein_CCDC91,Protein_CDCA5,Protein_CTR9,Protein_CUBN,Protein_ERBIN,Protein_GNMT,Protein_LEPR,Protein_LMNB2,Protein_MAP7,Protein_MBD2,Protein_NAA16,Protein_NUS1,Protein_PDE7A,Protein_PDIA4,Protein_PLAA,Protein_PRR13,Protein_RANBP9,Protein_RANGRF,Protein_RASSF5,Protein_RIOX2,Protein_SPATC1L,Protein_TGFB3,Protein_TMEM128,Protein_TRAK1,Protein_ZBTB2","ADAMTSL4,AEBP2,BRI3BP,CCDC91,CDCA5,CTR9,CUBN,ERBIN,GNMT,LEPR,LMNB2,MAP7,MBD2,NAA16,NUS1,PDE7A,PDIA4,PLAA,PRR13,RANBP9,RANGRF,RASSF5,RIOX2,SPATC1L,TGFB3,TMEM128,TRAK1,ZBTB2"
Protein_ACTR3,ACTR3,28,"Protein_ADAMTSL4,Protein_AEBP2,Protein_BRI3BP,Protein_CCDC91,Protein_CDCA5,Protein_CTR9,Protein_CUBN,Protein_ERBIN,Protein_GNMT,Protein_LEPR,Protein_LMNB2,Protein_MAP7,Protein_MBD2,Protein_NAA16,Protein_NUS1,Protein_PDE7A,Protein_PDIA4,Protein_PLAA,Protein_PRR13,Protein_RANBP9,Protein_RANGRF,Protein_RASSF5,Protein_RIOX2,Protein_SPATC1L,Protein_TGFB3,Protein_TMEM128,Protein_TRAK1,Protein_ZBTB2","ADAMTSL4,AEBP2,BRI3BP,CCDC91,CDCA5,CTR9,CUBN,ERBIN,GNMT,LEPR,LMNB2,MAP7,MBD2,NAA16,NUS1,PDE7A,PDIA4,PLAA,PRR13,RANBP9,RANGRF,RASSF5,RIOX2,SPATC1L,TGFB3,TMEM128,TRAK1,ZBTB2"
Protein_FRG1,FRG1,28,"Protein_ADAMTSL4,Protein_AEBP2,Protein_BRI3BP,Protein_CCDC91,Protein_CDCA5,Protein_CTR9,Protein_CUBN,Protein_ERBIN,Protein_GNMT,Protein_LEPR,Protein_LMNB2,Protein_MAP7,Protein_MBD2,Protein_NAA16,Protein_NUS1,Protein_PDE7A,Protein_PDIA4,Protein_PLAA,Protein_PRR13,Protein_RANBP9,Protein_RANGRF,Protein_RASSF5,Protein_RIOX2,Protein_SPATC1L,Protein_TGFB3,Protein_TMEM128,Protein_TRAK1,Protein_ZBTB2","ADAMTSL4,AEBP2,BRI3BP,CCDC91,CDCA5,CTR9,CUBN,ERBIN,GNMT,LEPR,LMNB2,MAP7,MBD2,NAA16,NUS1,PDE7A,PDIA4,PLAA,PRR13,RANBP9,RANGRF,RASSF5,RIOX2,SPATC1L,TGFB3,TMEM128,TRAK1,ZBTB2"
Protein_HNRNPH1,HNRNPH1,28,"Protein_ADAMTSL4,Protein_AEBP2,Protein_BRI3BP,Protein_CCDC91,Protein_CDCA5,Protein_CTR9,Protein_CUBN,Protein_ERBIN,Protein_GNMT,Protein_LEPR,Protein_LMNB2,Protein_MAP7,Protein_MBD2,Protein_NAA16,Protein_NUS1,Protein_PDE7A,Protein_PDIA4,Protein_PLAA,Protein_PRR13,Protein_RANBP9,Protein_RANGRF,Protein_RASSF5,Protein_RIOX2,Protein_SPATC1L,Protein_TGFB3,Protein_TMEM128,Protein_TRAK1,Protein_ZBTB2","ADAMTSL4,AEBP2,BRI3BP,CCDC91,CDCA5,CTR9,CUBN,ERBIN,GNMT,LEPR,LMNB2,MAP7,MBD2,NAA16,NUS1,PDE7A,PDIA4,PLAA,PRR13,RANBP9,RANGRF,RASSF5,RIOX2,SPATC1L,TGFB3,TMEM128,TRAK1,ZBTB2"
Protein_BTF3L4,BTF3L4,28,"Protein_ADAMTSL4,Protein_AEBP2,Protein_BRI3BP,Protein_CCDC91,Protein_CDCA5,Protein_CTR9,Protein_CUBN,Protein_ERBIN,Protein_GNMT,Protein_LEPR,Protein_LMNB2,Protein_MAP7,Protein_MBD2,Protein_NAA16,Protein_NUS1,Protein_PDE7A,Protein_PDIA4,Protein_PLAA,Protein_PRR13,Protein_RANBP9,Protein_RANGRF,Protein_RASSF5,Protein_RIOX2,Protein_SPATC1L,Protein_TGFB3,Protein_TMEM128,Protein_TRAK1,Protein_ZBTB2","ADAMTSL4,AEBP2,BRI3BP,CCDC91,CDCA5,CTR9,CUBN,ERBIN,GNMT,LEPR,LMNB2,MAP7,MBD2,NAA16,NUS1,PDE7A,PDIA4,PLAA,PRR13,RANBP9,RANGRF,RASSF5,RIOX2,SPATC1L,TGFB3,TMEM128,TRAK1,ZBTB2"
Protein_LSM7,LSM7,28,"Protein_ADAMTSL4,Protein_AEBP2,Protein_BRI3BP,Protein_CCDC91,Protein_CDCA5,Protein_CTR9,Protein_CUBN,Protein_ERBIN,Protein_GNMT,Protein_LEPR,Protein_LMNB2,Protein_MAP7,Protein_MBD2,Protein_NAA16,Protein_NUS1,Protein_PDE7A,Protein_PDIA4,Protein_PLAA,Protein_PRR13,Protein_RANBP9,Protein_RANGRF,Protein_RASSF5,Protein_RIOX2,Protein_SPATC1L,Protein_TGFB3,Protein_TMEM128,Protein_TRAK1,Protein_ZBTB2","ADAMTSL4,AEBP2,BRI3BP,CCDC91,CDCA5,CTR9,CUBN,ERBIN,GNMT,LEPR,LMNB2,MAP7,MBD2,NAA16,NUS1,PDE7A,PDIA4,PLAA,PRR13,RANBP9,RANGRF,RASSF5,RIOX2,SPATC1L,TGFB3,TMEM128,TRAK1,ZBTB2"
Protein_MAPK6,MAPK6,28,"Protein_ADAMTSL4,Protein_AEBP2,Protein_BRI3BP,Protein_CCDC91,Protein_CDCA5,Protein_CTR9,Protein_CUBN,Protein_ERBIN,Protein_GNMT,Protein_LEPR,Protein_LMNB2,Protein_MAP7,Protein_MBD2,Protein_NAA16,Protein_NUS1,Protein_PDE7A,Protein_PDIA4,Protein_PLAA,Protein_PRR13,Protein_RANBP9,Protein_RANGRF,Protein_RASSF5,Protein_RIOX2,Protein_SPATC1L,Protein_TGFB3,Protein_TMEM128,Protein_TRAK1,Protein_ZBTB2","ADAMTSL4,AEBP2,BRI3BP,CCDC91,CDCA5,CTR9,CUBN,ERBIN,GNMT,LEPR,LMNB2,MAP7,MBD2,NAA16,NUS1,PDE7A,PDIA4,PLAA,PRR13,RANBP9,RANGRF,RASSF5,RIOX2,SPATC1L,TGFB3,TMEM128,TRAK1,ZBTB2"
Protein_RABL6,RABL6,28,"Protein_ADAMTSL4,Protein_AEBP2,Protein_BRI3BP,Protein_CCDC91,Protein_CDCA5,Protein_CTR9,Protein_CUBN,Protein_ERBIN,Protein_GNMT,Protein_LEPR,Protein_LMNB2,Protein_MAP7,Protein_MBD2,Protein_NAA16,Protein_NUS1,Protein_PDE7A,Protein_PDIA4,Protein_PLAA,Protein_PRR13,Protein_RANBP9,Protein_RANGRF,Protein_RASSF5,Protein_RIOX2,Protein_SPATC1L,Protein_TGFB3,Protein_TMEM128,Protein_TRAK1,Protein_ZBTB2","ADAMTSL4,AEBP2,BRI3BP,CCDC91,CDCA5,CTR9,CUBN,ERBIN,GNMT,LEPR,LMNB2,MAP7,MBD2,NAA16,NUS1,PDE7A,PDIA4,PLAA,PRR13,RANBP9,RANGRF,RASSF5,RIOX2,SPATC1L,TGFB3,TMEM128,TRAK1,ZBTB2"
Protein_RAD21,RAD21,28,"Protein_ADAMTSL4,Protein_AEBP2,Protein_BRI3BP,Protein_CCDC91,Protein_CDCA5,Protein_CTR9,Protein_CUBN,Protein_ERBIN,Protein_GNMT,Protein_LEPR,Protein_LMNB2,Protein_MAP7,Protein_MBD2,Protein_NAA16,Protein_NUS1,Protein_PDE7A,Protein_PDIA4,Protein_PLAA,Protein_PRR13,Protein_RANBP9,Protein_RANGRF,Protein_RASSF5,Protein_RIOX2,Protein_SPATC1L,Protein_TGFB3,Protein_TMEM128,Protein_TRAK1,Protein_ZBTB2","ADAMTSL4,AEBP2,BRI3BP,CCDC91,CDCA5,CTR9,CUBN,ERBIN,GNMT,LEPR,LMNB2,MAP7,MBD2,NAA16,NUS1,PDE7A,PDIA4,PLAA,PRR13,RANBP9,RANGRF,RASSF5,RIOX2,SPATC1L,TGFB3,TMEM128,TRAK1,ZBTB2"
Protein_PPP1CB,PPP1CB,28,"Protein_ADAMTSL4,Protein_AEBP2,Protein_BRI3BP,Protein_CCDC91,Protein_CDCA5,Protein_CTR9,Protein_CUBN,Protein_ERBIN,Protein_GNMT,Protein_LEPR,Protein_LMNB2,Protein_MAP7,Protein_MBD2,Protein_NAA16,Protein_NUS1,Protein_PDE7A,Protein_PDIA4,Protein_PLAA,Protein_PRR13,Protein_RANBP9,Protein_RANGRF,Protein_RASSF5,Protein_RIOX2,Protein_SPATC1L,Protein_TGFB3,Protein_TMEM128,Protein_TRAK1,Protein_ZBTB2","ADAMTSL4,AEBP2,BRI3BP,CCDC91,CDCA5,CTR9,CUBN,ERBIN,GNMT,LEPR,LMNB2,MAP7,MBD2,NAA16,NUS1,PDE7A,PDIA4,PLAA,PRR13,RANBP9,RANGRF,RASSF5,RIOX2,SPATC1L,TGFB3,TMEM128,TRAK1,ZBTB2"
Protein_ERGIC2,ERGIC2,28,"Protein_ADAMTSL4,Protein_AEBP2,Protein_BRI3BP,Protein_CCDC91,Protein_CDCA5,Protein_CTR9,Protein_CUBN,Protein_ERBIN,Protein_GNMT,Protein_LEPR,Protein_LMNB2,Protein_MAP7,Protein_MBD2,Protein_NAA16,Protein_NUS1,Protein_PDE7A,Protein_PDIA4,Protein_PLAA,Protein_PRR13,Protein_RANBP9,Protein_RANGRF,Protein_RASSF5,Protein_RIOX2,Protein_SPATC1L,Protein_TGFB3,Protein_TMEM128,Protein_TRAK1,Protein_ZBTB2","ADAMTSL4,AEBP2,BRI3BP,CCDC91,CDCA5,CTR9,CUBN,ERBIN,GNMT,LEPR,LMNB2,MAP7,MBD2,NAA16,NUS1,PDE7A,PDIA4,PLAA,PRR13,RANBP9,RANGRF,RASSF5,RIOX2,SPATC1L,TGFB3,TMEM128,TRAK1,ZBTB2"
Protein_SMAD4,SMAD4,28,"Protein_ADAMTSL4,Protein_AEBP2,Protein_BRI3BP,Protein_CCDC91,Protein_CDCA5,Protein_CTR9,Protein_CUBN,Protein_ERBIN,Protein_GNMT,Protein_LEPR,Protein_LMNB2,Protein_MAP7,Protein_MBD2,Protein_NAA16,Protein_NUS1,Protein_PDE7A,Protein_PDIA4,Protein_PLAA,Protein_PRR13,Protein_RANBP9,Protein_RANGRF,Protein_RASSF5,Protein_RIOX2,Protein_SPATC1L,Protein_TGFB3,Protein_TMEM128,Protein_TRAK1,Protein_ZBTB2","ADAMTSL4,AEBP2,BRI3BP,CCDC91,CDCA5,CTR9,CUBN,ERBIN,GNMT,LEPR,LMNB2,MAP7,MBD2,NAA16,NUS1,PDE7A,PDIA4,PLAA,PRR13,RANBP9,RANGRF,RASSF5,RIOX2,SPATC1L,TGFB3,TMEM128,TRAK1,ZBTB2"
Protein_MAPK1,MAPK1,28,"Protein_ADAMTSL4,Protein_AEBP2,Protein_BRI3BP,Protein_CCDC91,Protein_CDCA5,Protein_CTR9,Protein_CUBN,Protein_ERBIN,Protein_GNMT,Protein_LEPR,Protein_LMNB2,Protein_MAP7,Protein_MBD2,Protein_NAA16,Protein_NUS1,Protein_PDE7A,Protein_PDIA4,Protein_PLAA,Protein_PRR13,Protein_RANBP9,Protein_RANGRF,Protein_RASSF5,Protein_RIOX2,Protein_SPATC1L,Protein_TGFB3,Protein_TMEM128,Protein_TRAK1,Protein_ZBTB2","ADAMTSL4,AEBP2,BRI3BP,CCDC91,CDCA5,CTR9,CUBN,ERBIN,GNMT,LEPR,LMNB2,MAP7,MBD2,NAA16,NUS1,PDE7A,PDIA4,PLAA,PRR13,RANBP9,RANGRF,RASSF5,RIOX2,SPATC1L,TGFB3,TMEM128,TRAK1,ZBTB2"
Protein_SUPT16H,SUPT16H,28,"Protein_ADAMTSL4,Protein_AEBP2,Protein_BRI3BP,Protein_CCDC91,Protein_CDCA5,Protein_CTR9,Protein_CUBN,Protein_ERBIN,Protein_GNMT,Protein_LEPR,Protein_LMNB2,Protein_MAP7,Protein_MBD2,Protein_NAA16,Protein_NUS1,Protein_PDE7A,Protein_PDIA4,Protein_PLAA,Protein_PRR13,Protein_RANBP9,Protein_RANGRF,Protein_RASSF5,Protein_RIOX2,Protein_SPATC1L,Protein_TGFB3,Protein_TMEM128,Protein_TRAK1,Protein_ZBTB2","ADAMTSL4,AEBP2,BRI3BP,CCDC91,CDCA5,CTR9,CUBN,ERBIN,GNMT,LEPR,LMNB2,MAP7,MBD2,NAA16,NUS1,PDE7A,PDIA4,PLAA,PRR13,RANBP9,RANGRF,RASSF5,RIOX2,SPATC1L,TGFB3,TMEM128,TRAK1,ZBTB2"
Protein_SUCO,SUCO,28,"Protein_ADAMTSL4,Protein_AEBP2,Protein_BRI3BP,Protein_CCDC91,Protein_CDCA5,Protein_CTR9,Protein_CUBN,Protein_ERBIN,Protein_GNMT,Protein_LEPR,Protein_LMNB2,Protein_MAP7,Protein_MBD2,Protein_NAA16,Protein_NUS1,Protein_PDE7A,Protein_PDIA4,Protein_PLAA,Protein_PRR13,Protein_RANBP9,Protein_RANGRF,Protein_RASSF5,Protein_RIOX2,Protein_SPATC1L,Protein_TGFB3,Protein_TMEM128,Protein_TRAK1,Protein_ZBTB2","ADAMTSL4,AEBP2,BRI3BP,CCDC91,CDCA5,CTR9,CUBN,ERBIN,GNMT,LEPR,LMNB2,MAP7,MBD2,NAA16,NUS1,PDE7A,PDIA4,PLAA,PRR13,RANBP9,RANGRF,RASSF5,RIOX2,SPATC1L,TGFB3,TMEM128,TRAK1,ZBTB2"
Protein_CUL4A,CUL4A,28,"Protein_ADAMTSL4,Protein_AEBP2,Protein_BRI3BP,Protein_CCDC91,Protein_CDCA5,Protein_CTR9,Protein_CUBN,Protein_ERBIN,Protein_GNMT,Protein_LEPR,Protein_LMNB2,Protein_MAP7,Protein_MBD2,Protein_NAA16,Protein_NUS1,Protein_PDE7A,Protein_PDIA4,Protein_PLAA,Protein_PRR13,Protein_RANBP9,Protein_RANGRF,Protein_RASSF5,Protein_RIOX2,Protein_SPATC1L,Protein_TGFB3,Protein_TMEM128,Protein_TRAK1,Protein_ZBTB2","ADAMTSL4,AEBP2,BRI3BP,CCDC91,CDCA5,CTR9,CUBN,ERBIN,GNMT,LEPR,LMNB2,MAP7,MBD2,NAA16,NUS1,PDE7A,PDIA4,PLAA,PRR13,RANBP9,RANGRF,RASSF5,RIOX2,SPATC1L,TGFB3,TMEM128,TRAK1,ZBTB2"
Protein_TRAF2,TRAF2,28,"Protein_ADAMTSL4,Protein_AEBP2,Protein_BRI3BP,Protein_CCDC91,Protein_CDCA5,Protein_CTR9,Protein_CUBN,Protein_ERBIN,Protein_GNMT,Protein_LEPR,Protein_LMNB2,Protein_MAP7,Protein_MBD2,Protein_NAA16,Protein_NUS1,Protein_PDE7A,Protein_PDIA4,Protein_PLAA,Protein_PRR13,Protein_RANBP9,Protein_RANGRF,Protein_RASSF5,Protein_RIOX2,Protein_SPATC1L,Protein_TGFB3,Protein_TMEM128,Protein_TRAK1,Protein_ZBTB2","ADAMTSL4,AEBP2,BRI3BP,CCDC91,CDCA5,CTR9,CUBN,ERBIN,GNMT,LEPR,LMNB2,MAP7,MBD2,NAA16,NUS1,PDE7A,PDIA4,PLAA,PRR13,RANBP9,RANGRF,RASSF5,RIOX2,SPATC1L,TGFB3,TMEM128,TRAK1,ZBTB2"
Protein_ITGB1,ITGB1,28,"Protein_ADAMTSL4,Protein_AEBP2,Protein_BRI3BP,Protein_CCDC91,Protein_CDCA5,Protein_CTR9,Protein_CUBN,Protein_ERBIN,Protein_GNMT,Protein_LEPR,Protein_LMNB2,Protein_MAP7,Protein_MBD2,Protein_NAA16,Protein_NUS1,Protein_PDE7A,Protein_PDIA4,Protein_PLAA,Protein_PRR13,Protein_RANBP9,Protein_RANGRF,Protein_RASSF5,Protein_RIOX2,Protein_SPATC1L,Protein_TGFB3,Protein_TMEM128,Protein_TRAK1,Protein_ZBTB2","ADAMTSL4,AEBP2,BRI3BP,CCDC91,CDCA5,CTR9,CUBN,ERBIN,GNMT,LEPR,LMNB2,MAP7,MBD2,NAA16,NUS1,PDE7A,PDIA4,PLAA,PRR13,RANBP9,RANGRF,RASSF5,RIOX2,SPATC1L,TGFB3,TMEM128,TRAK1,ZBTB2"
Protein_TERF1,TERF1,28,"Protein_ADAMTSL4,Protein_AEBP2,Protein_BRI3BP,Protein_CCDC91,Protein_CDCA5,Protein_CTR9,Protein_CUBN,Protein_ERBIN,Protein_GNMT,Protein_LEPR,Protein_LMNB2,Protein_MAP7,Protein_MBD2,Protein_NAA16,Protein_NUS1,Protein_PDE7A,Protein_PDIA4,Protein_PLAA,Protein_PRR13,Protein_RANBP9,Protein_RANGRF,Protein_RASSF5,Protein_RIOX2,Protein_SPATC1L,Protein_TGFB3,Protein_TMEM128,Protein_TRAK1,Protein_ZBTB2","ADAMTSL4,AEBP2,BRI3BP,CCDC91,CDCA5,CTR9,CUBN,ERBIN,GNMT,LEPR,LMNB2,MAP7,MBD2,NAA16,NUS1,PDE7A,PDIA4,PLAA,PRR13,RANBP9,RANGRF,RASSF5,RIOX2,SPATC1L,TGFB3,TMEM128,TRAK1,ZBTB2"
Protein_ARMC7,ARMC7,28,"Protein_ADAMTSL4,Protein_AEBP2,Protein_BRI3BP,Protein_CCDC91,Protein_CDCA5,Protein_CTR9,Protein_CUBN,Protein_ERBIN,Protein_GNMT,Protein_LEPR,Protein_LMNB2,Protein_MAP7,Protein_MBD2,Protein_NAA16,Protein_NUS1,Protein_PDE7A,Protein_PDIA4,Protein_PLAA,Protein_PRR13,Protein_RANBP9,Protein_RANGRF,Protein_RASSF5,Protein_RIOX2,Protein_SPATC1L,Protein_TGFB3,Protein_TMEM128,Protein_TRAK1,Protein_ZBTB2","ADAMTSL4,AEBP2,BRI3BP,CCDC91,CDCA5,CTR9,CUBN,ERBIN,GNMT,LEPR,LMNB2,MAP7,MBD2,NAA16,NUS1,PDE7A,PDIA4,PLAA,PRR13,RANBP9,RANGRF,RASSF5,RIOX2,SPATC1L,TGFB3,TMEM128,TRAK1,ZBTB2"
Protein_BLOC1S6,BLOC1S6,28,"Protein_ADAMTSL4,Protein_AEBP2,Protein_BRI3BP,Protein_CCDC91,Protein_CDCA5,Protein_CTR9,Protein_CUBN,Protein_ERBIN,Protein_GNMT,Protein_LEPR,Protein_LMNB2,Protein_MAP7,Protein_MBD2,Protein_NAA16,Protein_NUS1,Protein_PDE7A,Protein_PDIA4,Protein_PLAA,Protein_PRR13,Protein_RANBP9,Protein_RANGRF,Protein_RASSF5,Protein_RIOX2,Protein_SPATC1L,Protein_TGFB3,Protein_TMEM128,Protein_TRAK1,Protein_ZBTB2","ADAMTSL4,AEBP2,BRI3BP,CCDC91,CDCA5,CTR9,CUBN,ERBIN,GNMT,LEPR,LMNB2,MAP7,MBD2,NAA16,NUS1,PDE7A,PDIA4,PLAA,PRR13,RANBP9,RANGRF,RASSF5,RIOX2,SPATC1L,TGFB3,TMEM128,TRAK1,ZBTB2"
Protein_SF1,SF1,28,"Protein_ADAMTSL4,Protein_AEBP2,Protein_BRI3BP,Protein_CCDC91,Protein_CDCA5,Protein_CTR9,Protein_CUBN,Protein_ERBIN,Protein_GNMT,Protein_LEPR,Protein_LMNB2,Protein_MAP7,Protein_MBD2,Protein_NAA16,Protein_NUS1,Protein_PDE7A,Protein_PDIA4,Protein_PLAA,Protein_PRR13,Protein_RANBP9,Protein_RANGRF,Protein_RASSF5,Protein_RIOX2,Protein_SPATC1L,Protein_TGFB3,Protein_TMEM128,Protein_TRAK1,Protein_ZBTB2","ADAMTSL4,AEBP2,BRI3BP,CCDC91,CDCA5,CTR9,CUBN,ERBIN,GNMT,LEPR,LMNB2,MAP7,MBD2,NAA16,NUS1,PDE7A,PDIA4,PLAA,PRR13,RANBP9,RANGRF,RASSF5,RIOX2,SPATC1L,TGFB3,TMEM128,TRAK1,ZBTB2"
Protein_TOP2A,TOP2A,28,"Protein_ADAMTSL4,Protein_AEBP2,Protein_BRI3BP,Protein_CCDC91,Protein_CDCA5,Protein_CTR9,Protein_CUBN,Protein_ERBIN,Protein_GNMT,Protein_LEPR,Protein_LMNB2,Protein_MAP7,Protein_MBD2,Protein_NAA16,Protein_NUS1,Protein_PDE7A,Protein_PDIA4,Protein_PLAA,Protein_PRR13,Protein_RANBP9,Protein_RANGRF,Protein_RASSF5,Protein_RIOX2,Protein_SPATC1L,Protein_TGFB3,Protein_TMEM128,Protein_TRAK1,Protein_ZBTB2","ADAMTSL4,AEBP2,BRI3BP,CCDC91,CDCA5,CTR9,CUBN,ERBIN,GNMT,LEPR,LMNB2,MAP7,MBD2,NAA16,NUS1,PDE7A,PDIA4,PLAA,PRR13,RANBP9,RANGRF,RASSF5,RIOX2,SPATC1L,TGFB3,TMEM128,TRAK1,ZBTB2"
Protein_BAG4,BAG4,28,"Protein_ADAMTSL4,Protein_AEBP2,Protein_BRI3BP,Protein_CCDC91,Protein_CDCA5,Protein_CTR9,Protein_CUBN,Protein_ERBIN,Protein_GNMT,Protein_LEPR,Protein_LMNB2,Protein_MAP7,Protein_MBD2,Protein_NAA16,Protein_NUS1,Protein_PDE7A,Protein_PDIA4,Protein_PLAA,Protein_PRR13,Protein_RANBP9,Protein_RANGRF,Protein_RASSF5,Protein_RIOX2,Protein_SPATC1L,Protein_TGFB3,Protein_TMEM128,Protein_TRAK1,Protein_ZBTB2","ADAMTSL4,AEBP2,BRI3BP,CCDC91,CDCA5,CTR9,CUBN,ERBIN,GNMT,LEPR,LMNB2,MAP7,MBD2,NAA16,NUS1,PDE7A,PDIA4,PLAA,PRR13,RANBP9,RANGRF,RASSF5,RIOX2,SPATC1L,TGFB3,TMEM128,TRAK1,ZBTB2"
Protein_THUMPD1,THUMPD1,28,"Protein_ADAMTSL4,Protein_AEBP2,Protein_BRI3BP,Protein_CCDC91,Protein_CDCA5,Protein_CTR9,Protein_CUBN,Protein_ERBIN,Protein_GNMT,Protein_LEPR,Protein_LMNB2,Protein_MAP7,Protein_MBD2,Protein_NAA16,Protein_NUS1,Protein_PDE7A,Protein_PDIA4,Protein_PLAA,Protein_PRR13,Protein_RANBP9,Protein_RANGRF,Protein_RASSF5,Protein_RIOX2,Protein_SPATC1L,Protein_TGFB3,Protein_TMEM128,Protein_TRAK1,Protein_ZBTB2","ADAMTSL4,AEBP2,BRI3BP,CCDC91,CDCA5,CTR9,CUBN,ERBIN,GNMT,LEPR,LMNB2,MAP7,MBD2,NAA16,NUS1,PDE7A,PDIA4,PLAA,PRR13,RANBP9,RANGRF,RASSF5,RIOX2,SPATC1L,TGFB3,TMEM128,TRAK1,ZBTB2"
Protein_ATP6AP2,ATP6AP2,28,"Protein_ADAMTSL4,Protein_AEBP2,Protein_BRI3BP,Protein_CCDC91,Protein_CDCA5,Protein_CTR9,Protein_CUBN,Protein_ERBIN,Protein_GNMT,Protein_LEPR,Protein_LMNB2,Protein_MAP7,Protein_MBD2,Protein_NAA16,Protein_NUS1,Protein_PDE7A,Protein_PDIA4,Protein_PLAA,Protein_PRR13,Protein_RANBP9,Protein_RANGRF,Protein_RASSF5,Protein_RIOX2,Protein_SPATC1L,Protein_TGFB3,Protein_TMEM128,Protein_TRAK1,Protein_ZBTB2","ADAMTSL4,AEBP2,BRI3BP,CCDC91,CDCA5,CTR9,CUBN,ERBIN,GNMT,LEPR,LMNB2,MAP7,MBD2,NAA16,NUS1,PDE7A,PDIA4,PLAA,PRR13,RANBP9,RANGRF,RASSF5,RIOX2,SPATC1L,TGFB3,TMEM128,TRAK1,ZBTB2"
Protein_NFIC,NFIC,28,"Protein_ADAMTSL4,Protein_AEBP2,Protein_BRI3BP,Protein_CCDC91,Protein_CDCA5,Protein_CTR9,Protein_CUBN,Protein_ERBIN,Protein_GNMT,Protein_LEPR,Protein_LMNB2,Protein_MAP7,Protein_MBD2,Protein_NAA16,Protein_NUS1,Protein_PDE7A,Protein_PDIA4,Protein_PLAA,Protein_PRR13,Protein_RANBP9,Protein_RANGRF,Protein_RASSF5,Protein_RIOX2,Protein_SPATC1L,Protein_TGFB3,Protein_TMEM128,Protein_TRAK1,Protein_ZBTB2","ADAMTSL4,AEBP2,BRI3BP,CCDC91,CDCA5,CTR9,CUBN,ERBIN,GNMT,LEPR,LMNB2,MAP7,MBD2,NAA16,NUS1,PDE7A,PDIA4,PLAA,PRR13,RANBP9,RANGRF,RASSF5,RIOX2,SPATC1L,TGFB3,TMEM128,TRAK1,ZBTB2"
Protein_NAE1,NAE1,28,"Protein_ADAMTSL4,Protein_AEBP2,Protein_BRI3BP,Protein_CCDC91,Protein_CDCA5,Protein_CTR9,Protein_CUBN,Protein_ERBIN,Protein_GNMT,Protein_LEPR,Protein_LMNB2,Protein_MAP7,Protein_MBD2,Protein_NAA16,Protein_NUS1,Protein_PDE7A,Protein_PDIA4,Protein_PLAA,Protein_PRR13,Protein_RANBP9,Protein_RANGRF,Protein_RASSF5,Protein_RIOX2,Protein_SPATC1L,Protein_TGFB3,Protein_TMEM128,Protein_TRAK1,Protein_ZBTB2","ADAMTSL4,AEBP2,BRI3BP,CCDC91,CDCA5,CTR9,CUBN,ERBIN,GNMT,LEPR,LMNB2,MAP7,MBD2,NAA16,NUS1,PDE7A,PDIA4,PLAA,PRR13,RANBP9,RANGRF,RASSF5,RIOX2,SPATC1L,TGFB3,TMEM128,TRAK1,ZBTB2"
Protein_NCOR2,NCOR2,28,"Protein_ADAMTSL4,Protein_AEBP2,Protein_BRI3BP,Protein_CCDC91,Protein_CDCA5,Protein_CTR9,Protein_CUBN,Protein_ERBIN,Protein_GNMT,Protein_LEPR,Protein_LMNB2,Protein_MAP7,Protein_MBD2,Protein_NAA16,Protein_NUS1,Protein_PDE7A,Protein_PDIA4,Protein_PLAA,Protein_PRR13,Protein_RANBP9,Protein_RANGRF,Protein_RASSF5,Protein_RIOX2,Protein_SPATC1L,Protein_TGFB3,Protein_TMEM128,Protein_TRAK1,Protein_ZBTB2","ADAMTSL4,AEBP2,BRI3BP,CCDC91,CDCA5,CTR9,CUBN,ERBIN,GNMT,LEPR,LMNB2,MAP7,MBD2,NAA16,NUS1,PDE7A,PDIA4,PLAA,PRR13,RANBP9,RANGRF,RASSF5,RIOX2,SPATC1L,TGFB3,TMEM128,TRAK1,ZBTB2"
Protein_MTA2,MTA2,28,"Protein_ADAMTSL4,Protein_AEBP2,Protein_BRI3BP,Protein_CCDC91,Protein_CDCA5,Protein_CTR9,Protein_CUBN,Protein_ERBIN,Protein_GNMT,Protein_LEPR,Protein_LMNB2,Protein_MAP7,Protein_MBD2,Protein_NAA16,Protein_NUS1,Protein_PDE7A,Protein_PDIA4,Protein_PLAA,Protein_PRR13,Protein_RANBP9,Protein_RANGRF,Protein_RASSF5,Protein_RIOX2,Protein_SPATC1L,Protein_TGFB3,Protein_TMEM128,Protein_TRAK1,Protein_ZBTB2","ADAMTSL4,AEBP2,BRI3BP,CCDC91,CDCA5,CTR9,CUBN,ERBIN,GNMT,LEPR,LMNB2,MAP7,MBD2,NAA16,NUS1,PDE7A,PDIA4,PLAA,PRR13,RANBP9,RANGRF,RASSF5,RIOX2,SPATC1L,TGFB3,TMEM128,TRAK1,ZBTB2"
Protein_BCL11A,BCL11A,28,"Protein_ADAMTSL4,Protein_AEBP2,Protein_BRI3BP,Protein_CCDC91,Protein_CDCA5,Protein_CTR9,Protein_CUBN,Protein_ERBIN,Protein_GNMT,Protein_LEPR,Protein_LMNB2,Protein_MAP7,Protein_MBD2,Protein_NAA16,Protein_NUS1,Protein_PDE7A,Protein_PDIA4,Protein_PLAA,Protein_PRR13,Protein_RANBP9,Protein_RANGRF,Protein_RASSF5,Protein_RIOX2,Protein_SPATC1L,Protein_TGFB3,Protein_TMEM128,Protein_TRAK1,Protein_ZBTB2","ADAMTSL4,AEBP2,BRI3BP,CCDC91,CDCA5,CTR9,CUBN,ERBIN,GNMT,LEPR,LMNB2,MAP7,MBD2,NAA16,NUS1,PDE7A,PDIA4,PLAA,PRR13,RANBP9,RANGRF,RASSF5,RIOX2,SPATC1L,TGFB3,TMEM128,TRAK1,ZBTB2"
Protein_PLEKHF2,PLEKHF2,28,"Protein_ADAMTSL4,Protein_AEBP2,Protein_BRI3BP,Protein_CCDC91,Protein_CDCA5,Protein_CTR9,Protein_CUBN,Protein_ERBIN,Protein_GNMT,Protein_LEPR,Protein_LMNB2,Protein_MAP7,Protein_MBD2,Protein_NAA16,Protein_NUS1,Protein_PDE7A,Protein_PDIA4,Protein_PLAA,Protein_PRR13,Protein_RANBP9,Protein_RANGRF,Protein_RASSF5,Protein_RIOX2,Protein_SPATC1L,Protein_TGFB3,Protein_TMEM128,Protein_TRAK1,Protein_ZBTB2","ADAMTSL4,AEBP2,BRI3BP,CCDC91,CDCA5,CTR9,CUBN,ERBIN,GNMT,LEPR,LMNB2,MAP7,MBD2,NAA16,NUS1,PDE7A,PDIA4,PLAA,PRR13,RANBP9,RANGRF,RASSF5,RIOX2,SPATC1L,TGFB3,TMEM128,TRAK1,ZBTB2"
Protein_PEX5,PEX5,28,"Protein_ADAMTSL4,Protein_AEBP2,Protein_BRI3BP,Protein_CCDC91,Protein_CDCA5,Protein_CTR9,Protein_CUBN,Protein_ERBIN,Protein_GNMT,Protein_LEPR,Protein_LMNB2,Protein_MAP7,Protein_MBD2,Protein_NAA16,Protein_NUS1,Protein_PDE7A,Protein_PDIA4,Protein_PLAA,Protein_PRR13,Protein_RANBP9,Protein_RANGRF,Protein_RASSF5,Protein_RIOX2,Protein_SPATC1L,Protein_TGFB3,Protein_TMEM128,Protein_TRAK1,Protein_ZBTB2","ADAMTSL4,AEBP2,BRI3BP,CCDC91,CDCA5,CTR9,CUBN,ERBIN,GNMT,LEPR,LMNB2,MAP7,MBD2,NAA16,NUS1,PDE7A,PDIA4,PLAA,PRR13,RANBP9,RANGRF,RASSF5,RIOX2,SPATC1L,TGFB3,TMEM128,TRAK1,ZBTB2"
Protein_KBTBD7,KBTBD7,28,"Protein_ADAMTSL4,Protein_AEBP2,Protein_BRI3BP,Protein_CCDC91,Protein_CDCA5,Protein_CTR9,Protein_CUBN,Protein_ERBIN,Protein_GNMT,Protein_LEPR,Protein_LMNB2,Protein_MAP7,Protein_MBD2,Protein_NAA16,Protein_NUS1,Protein_PDE7A,Protein_PDIA4,Protein_PLAA,Protein_PRR13,Protein_RANBP9,Protein_RANGRF,Protein_RASSF5,Protein_RIOX2,Protein_SPATC1L,Protein_TGFB3,Protein_TMEM128,Protein_TRAK1,Protein_ZBTB2","ADAMTSL4,AEBP2,BRI3BP,CCDC91,CDCA5,CTR9,CUBN,ERBIN,GNMT,LEPR,LMNB2,MAP7,MBD2,NAA16,NUS1,PDE7A,PDIA4,PLAA,PRR13,RANBP9,RANGRF,RASSF5,RIOX2,SPATC1L,TGFB3,TMEM128,TRAK1,ZBTB2"
Protein_GRIPAP1,GRIPAP1,28,"Protein_ADAMTSL4,Protein_AEBP2,Protein_BRI3BP,Protein_CCDC91,Protein_CDCA5,Protein_CTR9,Protein_CUBN,Protein_ERBIN,Protein_GNMT,Protein_LEPR,Protein_LMNB2,Protein_MAP7,Protein_MBD2,Protein_NAA16,Protein_NUS1,Protein_PDE7A,Protein_PDIA4,Protein_PLAA,Protein_PRR13,Protein_RANBP9,Protein_RANGRF,Protein_RASSF5,Protein_RIOX2,Protein_SPATC1L,Protein_TGFB3,Protein_TMEM128,Protein_TRAK1,Protein_ZBTB2","ADAMTSL4,AEBP2,BRI3BP,CCDC91,CDCA5,CTR9,CUBN,ERBIN,GNMT,LEPR,LMNB2,MAP7,MBD2,NAA16,NUS1,PDE7A,PDIA4,PLAA,PRR13,RANBP9,RANGRF,RASSF5,RIOX2,SPATC1L,TGFB3,TMEM128,TRAK1,ZBTB2"
Protein_RNF4,RNF4,28,"Protein_ADAMTSL4,Protein_AEBP2,Protein_BRI3BP,Protein_CCDC91,Protein_CDCA5,Protein_CTR9,Protein_CUBN,Protein_ERBIN,Protein_GNMT,Protein_LEPR,Protein_LMNB2,Protein_MAP7,Protein_MBD2,Protein_NAA16,Protein_NUS1,Protein_PDE7A,Protein_PDIA4,Protein_PLAA,Protein_PRR13,Protein_RANBP9,Protein_RANGRF,Protein_RASSF5,Protein_RIOX2,Protein_SPATC1L,Protein_TGFB3,Protein_TMEM128,Protein_TRAK1,Protein_ZBTB2","ADAMTSL4,AEBP2,BRI3BP,CCDC91,CDCA5,CTR9,CUBN,ERBIN,GNMT,LEPR,LMNB2,MAP7,MBD2,NAA16,NUS1,PDE7A,PDIA4,PLAA,PRR13,RANBP9,RANGRF,RASSF5,RIOX2,SPATC1L,TGFB3,TMEM128,TRAK1,ZBTB2"
Protein_RPS19BP1,RPS19BP1,28,"Protein_ADAMTSL4,Protein_AEBP2,Protein_BRI3BP,Protein_CCDC91,Protein_CDCA5,Protein_CTR9,Protein_CUBN,Protein_ERBIN,Protein_GNMT,Protein_LEPR,Protein_LMNB2,Protein_MAP7,Protein_MBD2,Protein_NAA16,Protein_NUS1,Protein_PDE7A,Protein_PDIA4,Protein_PLAA,Protein_PRR13,Protein_RANBP9,Protein_RANGRF,Protein_RASSF5,Protein_RIOX2,Protein_SPATC1L,Protein_TGFB3,Protein_TMEM128,Protein_TRAK1,Protein_ZBTB2","ADAMTSL4,AEBP2,BRI3BP,CCDC91,CDCA5,CTR9,CUBN,ERBIN,GNMT,LEPR,LMNB2,MAP7,MBD2,NAA16,NUS1,PDE7A,PDIA4,PLAA,PRR13,RANBP9,RANGRF,RASSF5,RIOX2,SPATC1L,TGFB3,TMEM128,TRAK1,ZBTB2"
Protein_ARHGEF1,ARHGEF1,28,"Protein_ADAMTSL4,Protein_AEBP2,Protein_BRI3BP,Protein_CCDC91,Protein_CDCA5,Protein_CTR9,Protein_CUBN,Protein_ERBIN,Protein_GNMT,Protein_LEPR,Protein_LMNB2,Protein_MAP7,Protein_MBD2,Protein_NAA16,Protein_NUS1,Protein_PDE7A,Protein_PDIA4,Protein_PLAA,Protein_PRR13,Protein_RANBP9,Protein_RANGRF,Protein_RASSF5,Protein_RIOX2,Protein_SPATC1L,Protein_TGFB3,Protein_TMEM128,Protein_TRAK1,Protein_ZBTB2","ADAMTSL4,AEBP2,BRI3BP,CCDC91,CDCA5,CTR9,CUBN,ERBIN,GNMT,LEPR,LMNB2,MAP7,MBD2,NAA16,NUS1,PDE7A,PDIA4,PLAA,PRR13,RANBP9,RANGRF,RASSF5,RIOX2,SPATC1L,TGFB3,TMEM128,TRAK1,ZBTB2"
Protein_RNPS1,RNPS1,28,"Protein_ADAMTSL4,Protein_AEBP2,Protein_BRI3BP,Protein_CCDC91,Protein_CDCA5,Protein_CTR9,Protein_CUBN,Protein_ERBIN,Protein_GNMT,Protein_LEPR,Protein_LMNB2,Protein_MAP7,Protein_MBD2,Protein_NAA16,Protein_NUS1,Protein_PDE7A,Protein_PDIA4,Protein_PLAA,Protein_PRR13,Protein_RANBP9,Protein_RANGRF,Protein_RASSF5,Protein_RIOX2,Protein_SPATC1L,Protein_TGFB3,Protein_TMEM128,Protein_TRAK1,Protein_ZBTB2","ADAMTSL4,AEBP2,BRI3BP,CCDC91,CDCA5,CTR9,CUBN,ERBIN,GNMT,LEPR,LMNB2,MAP7,MBD2,NAA16,NUS1,PDE7A,PDIA4,PLAA,PRR13,RANBP9,RANGRF,RASSF5,RIOX2,SPATC1L,TGFB3,TMEM128,TRAK1,ZBTB2"
Protein_ARL6IP5,ARL6IP5,28,"Protein_ADAMTSL4,Protein_AEBP2,Protein_BRI3BP,Protein_CCDC91,Protein_CDCA5,Protein_CTR9,Protein_CUBN,Protein_ERBIN,Protein_GNMT,Protein_LEPR,Protein_LMNB2,Protein_MAP7,Protein_MBD2,Protein_NAA16,Protein_NUS1,Protein_PDE7A,Protein_PDIA4,Protein_PLAA,Protein_PRR13,Protein_RANBP9,Protein_RANGRF,Protein_RASSF5,Protein_RIOX2,Protein_SPATC1L,Protein_TGFB3,Protein_TMEM128,Protein_TRAK1,Protein_ZBTB2","ADAMTSL4,AEBP2,BRI3BP,CCDC91,CDCA5,CTR9,CUBN,ERBIN,GNMT,LEPR,LMNB2,MAP7,MBD2,NAA16,NUS1,PDE7A,PDIA4,PLAA,PRR13,RANBP9,RANGRF,RASSF5,RIOX2,SPATC1L,TGFB3,TMEM128,TRAK1,ZBTB2"
Protein_RABAC1,RABAC1,28,"Protein_ADAMTSL4,Protein_AEBP2,Protein_BRI3BP,Protein_CCDC91,Protein_CDCA5,Protein_CTR9,Protein_CUBN,Protein_ERBIN,Protein_GNMT,Protein_LEPR,Protein_LMNB2,Protein_MAP7,Protein_MBD2,Protein_NAA16,Protein_NUS1,Protein_PDE7A,Protein_PDIA4,Protein_PLAA,Protein_PRR13,Protein_RANBP9,Protein_RANGRF,Protein_RASSF5,Protein_RIOX2,Protein_SPATC1L,Protein_TGFB3,Protein_TMEM128,Protein_TRAK1,Protein_ZBTB2","ADAMTSL4,AEBP2,BRI3BP,CCDC91,CDCA5,CTR9,CUBN,ERBIN,GNMT,LEPR,LMNB2,MAP7,MBD2,NAA16,NUS1,PDE7A,PDIA4,PLAA,PRR13,RANBP9,RANGRF,RASSF5,RIOX2,SPATC1L,TGFB3,TMEM128,TRAK1,ZBTB2"
Protein_ISOC1,ISOC1,28,"Protein_ADAMTSL4,Protein_AEBP2,Protein_BRI3BP,Protein_CCDC91,Protein_CDCA5,Protein_CTR9,Protein_CUBN,Protein_ERBIN,Protein_GNMT,Protein_LEPR,Protein_LMNB2,Protein_MAP7,Protein_MBD2,Protein_NAA16,Protein_NUS1,Protein_PDE7A,Protein_PDIA4,Protein_PLAA,Protein_PRR13,Protein_RANBP9,Protein_RANGRF,Protein_RASSF5,Protein_RIOX2,Protein_SPATC1L,Protein_TGFB3,Protein_TMEM128,Protein_TRAK1,Protein_ZBTB2","ADAMTSL4,AEBP2,BRI3BP,CCDC91,CDCA5,CTR9,CUBN,ERBIN,GNMT,LEPR,LMNB2,MAP7,MBD2,NAA16,NUS1,PDE7A,PDIA4,PLAA,PRR13,RANBP9,RANGRF,RASSF5,RIOX2,SPATC1L,TGFB3,TMEM128,TRAK1,ZBTB2"
Protein_MED4,MED4,28,"Protein_ADAMTSL4,Protein_AEBP2,Protein_BRI3BP,Protein_CCDC91,Protein_CDCA5,Protein_CTR9,Protein_CUBN,Protein_ERBIN,Protein_GNMT,Protein_LEPR,Protein_LMNB2,Protein_MAP7,Protein_MBD2,Protein_NAA16,Protein_NUS1,Protein_PDE7A,Protein_PDIA4,Protein_PLAA,Protein_PRR13,Protein_RANBP9,Protein_RANGRF,Protein_RASSF5,Protein_RIOX2,Protein_SPATC1L,Protein_TGFB3,Protein_TMEM128,Protein_TRAK1,Protein_ZBTB2","ADAMTSL4,AEBP2,BRI3BP,CCDC91,CDCA5,CTR9,CUBN,ERBIN,GNMT,LEPR,LMNB2,MAP7,MBD2,NAA16,NUS1,PDE7A,PDIA4,PLAA,PRR13,RANBP9,RANGRF,RASSF5,RIOX2,SPATC1L,TGFB3,TMEM128,TRAK1,ZBTB2"
Protein_RAP1B,RAP1B,28,"Protein_ADAMTSL4,Protein_AEBP2,Protein_BRI3BP,Protein_CCDC91,Protein_CDCA5,Protein_CTR9,Protein_CUBN,Protein_ERBIN,Protein_GNMT,Protein_LEPR,Protein_LMNB2,Protein_MAP7,Protein_MBD2,Protein_NAA16,Protein_NUS1,Protein_PDE7A,Protein_PDIA4,Protein_PLAA,Protein_PRR13,Protein_RANBP9,Protein_RANGRF,Protein_RASSF5,Protein_RIOX2,Protein_SPATC1L,Protein_TGFB3,Protein_TMEM128,Protein_TRAK1,Protein_ZBTB2","ADAMTSL4,AEBP2,BRI3BP,CCDC91,CDCA5,CTR9,CUBN,ERBIN,GNMT,LEPR,LMNB2,MAP7,MBD2,NAA16,NUS1,PDE7A,PDIA4,PLAA,PRR13,RANBP9,RANGRF,RASSF5,RIOX2,SPATC1L,TGFB3,TMEM128,TRAK1,ZBTB2"
Protein_RBM4,RBM4,28,"Protein_ADAMTSL4,Protein_AEBP2,Protein_BRI3BP,Protein_CCDC91,Protein_CDCA5,Protein_CTR9,Protein_CUBN,Protein_ERBIN,Protein_GNMT,Protein_LEPR,Protein_LMNB2,Protein_MAP7,Protein_MBD2,Protein_NAA16,Protein_NUS1,Protein_PDE7A,Protein_PDIA4,Protein_PLAA,Protein_PRR13,Protein_RANBP9,Protein_RANGRF,Protein_RASSF5,Protein_RIOX2,Protein_SPATC1L,Protein_TGFB3,Protein_TMEM128,Protein_TRAK1,Protein_ZBTB2","ADAMTSL4,AEBP2,BRI3BP,CCDC91,CDCA5,CTR9,CUBN,ERBIN,GNMT,LEPR,LMNB2,MAP7,MBD2,NAA16,NUS1,PDE7A,PDIA4,PLAA,PRR13,RANBP9,RANGRF,RASSF5,RIOX2,SPATC1L,TGFB3,TMEM128,TRAK1,ZBTB2"
Protein_ARL4A,ARL4A,28,"Protein_ADAMTSL4,Protein_AEBP2,Protein_BRI3BP,Protein_CCDC91,Protein_CDCA5,Protein_CTR9,Protein_CUBN,Protein_ERBIN,Protein_GNMT,Protein_LEPR,Protein_LMNB2,Protein_MAP7,Protein_MBD2,Protein_NAA16,Protein_NUS1,Protein_PDE7A,Protein_PDIA4,Protein_PLAA,Protein_PRR13,Protein_RANBP9,Protein_RANGRF,Protein_RASSF5,Protein_RIOX2,Protein_SPATC1L,Protein_TGFB3,Protein_TMEM128,Protein_TRAK1,Protein_ZBTB2","ADAMTSL4,AEBP2,BRI3BP,CCDC91,CDCA5,CTR9,CUBN,ERBIN,GNMT,LEPR,LMNB2,MAP7,MBD2,NAA16,NUS1,PDE7A,PDIA4,PLAA,PRR13,RANBP9,RANGRF,RASSF5,RIOX2,SPATC1L,TGFB3,TMEM128,TRAK1,ZBTB2"
Protein_TMEM43,TMEM43,28,"Protein_ADAMTSL4,Protein_AEBP2,Protein_BRI3BP,Protein_CCDC91,Protein_CDCA5,Protein_CTR9,Protein_CUBN,Protein_ERBIN,Protein_GNMT,Protein_LEPR,Protein_LMNB2,Protein_MAP7,Protein_MBD2,Protein_NAA16,Protein_NUS1,Protein_PDE7A,Protein_PDIA4,Protein_PLAA,Protein_PRR13,Protein_RANBP9,Protein_RANGRF,Protein_RASSF5,Protein_RIOX2,Protein_SPATC1L,Protein_TGFB3,Protein_TMEM128,Protein_TRAK1,Protein_ZBTB2","ADAMTSL4,AEBP2,BRI3BP,CCDC91,CDCA5,CTR9,CUBN,ERBIN,GNMT,LEPR,LMNB2,MAP7,MBD2,NAA16,NUS1,PDE7A,PDIA4,PLAA,PRR13,RANBP9,RANGRF,RASSF5,RIOX2,SPATC1L,TGFB3,TMEM128,TRAK1,ZBTB2"
Protein_CHD4,CHD4,28,"Protein_ADAMTSL4,Protein_AEBP2,Protein_BRI3BP,Protein_CCDC91,Protein_CDCA5,Protein_CTR9,Protein_CUBN,Protein_ERBIN,Protein_GNMT,Protein_LEPR,Protein_LMNB2,Protein_MAP7,Protein_MBD2,Protein_NAA16,Protein_NUS1,Protein_PDE7A,Protein_PDIA4,Protein_PLAA,Protein_PRR13,Protein_RANBP9,Protein_RANGRF,Protein_RASSF5,Protein_RIOX2,Protein_SPATC1L,Protein_TGFB3,Protein_TMEM128,Protein_TRAK1,Protein_ZBTB2","ADAMTSL4,AEBP2,BRI3BP,CCDC91,CDCA5,CTR9,CUBN,ERBIN,GNMT,LEPR,LMNB2,MAP7,MBD2,NAA16,NUS1,PDE7A,PDIA4,PLAA,PRR13,RANBP9,RANGRF,RASSF5,RIOX2,SPATC1L,TGFB3,TMEM128,TRAK1,ZBTB2"
Protein_ARID4B,ARID4B,28,"Protein_ADAMTSL4,Protein_AEBP2,Protein_BRI3BP,Protein_CCDC91,Protein_CDCA5,Protein_CTR9,Protein_CUBN,Protein_ERBIN,Protein_GNMT,Protein_LEPR,Protein_LMNB2,Protein_MAP7,Protein_MBD2,Protein_NAA16,Protein_NUS1,Protein_PDE7A,Protein_PDIA4,Protein_PLAA,Protein_PRR13,Protein_RANBP9,Protein_RANGRF,Protein_RASSF5,Protein_RIOX2,Protein_SPATC1L,Protein_TGFB3,Protein_TMEM128,Protein_TRAK1,Protein_ZBTB2","ADAMTSL4,AEBP2,BRI3BP,CCDC91,CDCA5,CTR9,CUBN,ERBIN,GNMT,LEPR,LMNB2,MAP7,MBD2,NAA16,NUS1,PDE7A,PDIA4,PLAA,PRR13,RANBP9,RANGRF,RASSF5,RIOX2,SPATC1L,TGFB3,TMEM128,TRAK1,ZBTB2"
Protein_DNAJB6,DNAJB6,28,"Protein_ADAMTSL4,Protein_AEBP2,Protein_BRI3BP,Protein_CCDC91,Protein_CDCA5,Protein_CTR9,Protein_CUBN,Protein_ERBIN,Protein_GNMT,Protein_LEPR,Protein_LMNB2,Protein_MAP7,Protein_MBD2,Protein_NAA16,Protein_NUS1,Protein_PDE7A,Protein_PDIA4,Protein_PLAA,Protein_PRR13,Protein_RANBP9,Protein_RANGRF,Protein_RASSF5,Protein_RIOX2,Protein_SPATC1L,Protein_TGFB3,Protein_TMEM128,Protein_TRAK1,Protein_ZBTB2","ADAMTSL4,AEBP2,BRI3BP,CCDC91,CDCA5,CTR9,CUBN,ERBIN,GNMT,LEPR,LMNB2,MAP7,MBD2,NAA16,NUS1,PDE7A,PDIA4,PLAA,PRR13,RANBP9,RANGRF,RASSF5,RIOX2,SPATC1L,TGFB3,TMEM128,TRAK1,ZBTB2"
Protein_B2M,B2M,28,"Protein_ADAMTSL4,Protein_AEBP2,Protein_BRI3BP,Protein_CCDC91,Protein_CDCA5,Protein_CTR9,Protein_CUBN,Protein_ERBIN,Protein_GNMT,Protein_LEPR,Protein_LMNB2,Protein_MAP7,Protein_MBD2,Protein_NAA16,Protein_NUS1,Protein_PDE7A,Protein_PDIA4,Protein_PLAA,Protein_PRR13,Protein_RANBP9,Protein_RANGRF,Protein_RASSF5,Protein_RIOX2,Protein_SPATC1L,Protein_TGFB3,Protein_TMEM128,Protein_TRAK1,Protein_ZBTB2","ADAMTSL4,AEBP2,BRI3BP,CCDC91,CDCA5,CTR9,CUBN,ERBIN,GNMT,LEPR,LMNB2,MAP7,MBD2,NAA16,NUS1,PDE7A,PDIA4,PLAA,PRR13,RANBP9,RANGRF,RASSF5,RIOX2,SPATC1L,TGFB3,TMEM128,TRAK1,ZBTB2"
Protein_CTDSP2,CTDSP2,28,"Protein_ADAMTSL4,Protein_AEBP2,Protein_BRI3BP,Protein_CCDC91,Protein_CDCA5,Protein_CTR9,Protein_CUBN,Protein_ERBIN,Protein_GNMT,Protein_LEPR,Protein_LMNB2,Protein_MAP7,Protein_MBD2,Protein_NAA16,Protein_NUS1,Protein_PDE7A,Protein_PDIA4,Protein_PLAA,Protein_PRR13,Protein_RANBP9,Protein_RANGRF,Protein_RASSF5,Protein_RIOX2,Protein_SPATC1L,Protein_TGFB3,Protein_TMEM128,Protein_TRAK1,Protein_ZBTB2","ADAMTSL4,AEBP2,BRI3BP,CCDC91,CDCA5,CTR9,CUBN,ERBIN,GNMT,LEPR,LMNB2,MAP7,MBD2,NAA16,NUS1,PDE7A,PDIA4,PLAA,PRR13,RANBP9,RANGRF,RASSF5,RIOX2,SPATC1L,TGFB3,TMEM128,TRAK1,ZBTB2"
Protein_YWHAE,YWHAE,28,"Protein_ADAMTSL4,Protein_AEBP2,Protein_BRI3BP,Protein_CCDC91,Protein_CDCA5,Protein_CTR9,Protein_CUBN,Protein_ERBIN,Protein_GNMT,Protein_LEPR,Protein_LMNB2,Protein_MAP7,Protein_MBD2,Protein_NAA16,Protein_NUS1,Protein_PDE7A,Protein_PDIA4,Protein_PLAA,Protein_PRR13,Protein_RANBP9,Protein_RANGRF,Protein_RASSF5,Protein_RIOX2,Protein_SPATC1L,Protein_TGFB3,Protein_TMEM128,Protein_TRAK1,Protein_ZBTB2","ADAMTSL4,AEBP2,BRI3BP,CCDC91,CDCA5,CTR9,CUBN,ERBIN,GNMT,LEPR,LMNB2,MAP7,MBD2,NAA16,NUS1,PDE7A,PDIA4,PLAA,PRR13,RANBP9,RANGRF,RASSF5,RIOX2,SPATC1L,TGFB3,TMEM128,TRAK1,ZBTB2"
Protein_ACTB,ACTB,28,"Protein_ADAMTSL4,Protein_AEBP2,Protein_BRI3BP,Protein_CCDC91,Protein_CDCA5,Protein_CTR9,Protein_CUBN,Protein_ERBIN,Protein_GNMT,Protein_LEPR,Protein_LMNB2,Protein_MAP7,Protein_MBD2,Protein_NAA16,Protein_NUS1,Protein_PDE7A,Protein_PDIA4,Protein_PLAA,Protein_PRR13,Protein_RANBP9,Protein_RANGRF,Protein_RASSF5,Protein_RIOX2,Protein_SPATC1L,Protein_TGFB3,Protein_TMEM128,Protein_TRAK1,Protein_ZBTB2","ADAMTSL4,AEBP2,BRI3BP,CCDC91,CDCA5,CTR9,CUBN,ERBIN,GNMT,LEPR,LMNB2,MAP7,MBD2,NAA16,NUS1,PDE7A,PDIA4,PLAA,PRR13,RANBP9,RANGRF,RASSF5,RIOX2,SPATC1L,TGFB3,TMEM128,TRAK1,ZBTB2"
Protein_DDX1,DDX1,28,"Protein_ADAMTSL4,Protein_AEBP2,Protein_BRI3BP,Protein_CCDC91,Protein_CDCA5,Protein_CTR9,Protein_CUBN,Protein_ERBIN,Protein_GNMT,Protein_LEPR,Protein_LMNB2,Protein_MAP7,Protein_MBD2,Protein_NAA16,Protein_NUS1,Protein_PDE7A,Protein_PDIA4,Protein_PLAA,Protein_PRR13,Protein_RANBP9,Protein_RANGRF,Protein_RASSF5,Protein_RIOX2,Protein_SPATC1L,Protein_TGFB3,Protein_TMEM128,Protein_TRAK1,Protein_ZBTB2","ADAMTSL4,AEBP2,BRI3BP,CCDC91,CDCA5,CTR9,CUBN,ERBIN,GNMT,LEPR,LMNB2,MAP7,MBD2,NAA16,NUS1,PDE7A,PDIA4,PLAA,PRR13,RANBP9,RANGRF,RASSF5,RIOX2,SPATC1L,TGFB3,TMEM128,TRAK1,ZBTB2"
Protein_PKN1,PKN1,28,"Protein_ADAMTSL4,Protein_AEBP2,Protein_BRI3BP,Protein_CCDC91,Protein_CDCA5,Protein_CTR9,Protein_CUBN,Protein_ERBIN,Protein_GNMT,Protein_LEPR,Protein_LMNB2,Protein_MAP7,Protein_MBD2,Protein_NAA16,Protein_NUS1,Protein_PDE7A,Protein_PDIA4,Protein_PLAA,Protein_PRR13,Protein_RANBP9,Protein_RANGRF,Protein_RASSF5,Protein_RIOX2,Protein_SPATC1L,Protein_TGFB3,Protein_TMEM128,Protein_TRAK1,Protein_ZBTB2","ADAMTSL4,AEBP2,BRI3BP,CCDC91,CDCA5,CTR9,CUBN,ERBIN,GNMT,LEPR,LMNB2,MAP7,MBD2,NAA16,NUS1,PDE7A,PDIA4,PLAA,PRR13,RANBP9,RANGRF,RASSF5,RIOX2,SPATC1L,TGFB3,TMEM128,TRAK1,ZBTB2"
Protein_BOLA2B,BOLA2B,28,"Protein_ADAMTSL4,Protein_AEBP2,Protein_BRI3BP,Protein_CCDC91,Protein_CDCA5,Protein_CTR9,Protein_CUBN,Protein_ERBIN,Protein_GNMT,Protein_LEPR,Protein_LMNB2,Protein_MAP7,Protein_MBD2,Protein_NAA16,Protein_NUS1,Protein_PDE7A,Protein_PDIA4,Protein_PLAA,Protein_PRR13,Protein_RANBP9,Protein_RANGRF,Protein_RASSF5,Protein_RIOX2,Protein_SPATC1L,Protein_TGFB3,Protein_TMEM128,Protein_TRAK1,Protein_ZBTB2","ADAMTSL4,AEBP2,BRI3BP,CCDC91,CDCA5,CTR9,CUBN,ERBIN,GNMT,LEPR,LMNB2,MAP7,MBD2,NAA16,NUS1,PDE7A,PDIA4,PLAA,PRR13,RANBP9,RANGRF,RASSF5,RIOX2,SPATC1L,TGFB3,TMEM128,TRAK1,ZBTB2"
Protein_PRPF31,PRPF31,28,"Protein_ADAMTSL4,Protein_AEBP2,Protein_BRI3BP,Protein_CCDC91,Protein_CDCA5,Protein_CTR9,Protein_CUBN,Protein_ERBIN,Protein_GNMT,Protein_LEPR,Protein_LMNB2,Protein_MAP7,Protein_MBD2,Protein_NAA16,Protein_NUS1,Protein_PDE7A,Protein_PDIA4,Protein_PLAA,Protein_PRR13,Protein_RANBP9,Protein_RANGRF,Protein_RASSF5,Protein_RIOX2,Protein_SPATC1L,Protein_TGFB3,Protein_TMEM128,Protein_TRAK1,Protein_ZBTB2","ADAMTSL4,AEBP2,BRI3BP,CCDC91,CDCA5,CTR9,CUBN,ERBIN,GNMT,LEPR,LMNB2,MAP7,MBD2,NAA16,NUS1,PDE7A,PDIA4,PLAA,PRR13,RANBP9,RANGRF,RASSF5,RIOX2,SPATC1L,TGFB3,TMEM128,TRAK1,ZBTB2"
Protein_P4HB,P4HB,28,"Protein_ADAMTSL4,Protein_AEBP2,Protein_BRI3BP,Protein_CCDC91,Protein_CDCA5,Protein_CTR9,Protein_CUBN,Protein_ERBIN,Protein_GNMT,Protein_LEPR,Protein_LMNB2,Protein_MAP7,Protein_MBD2,Protein_NAA16,Protein_NUS1,Protein_PDE7A,Protein_PDIA4,Protein_PLAA,Protein_PRR13,Protein_RANBP9,Protein_RANGRF,Protein_RASSF5,Protein_RIOX2,Protein_SPATC1L,Protein_TGFB3,Protein_TMEM128,Protein_TRAK1,Protein_ZBTB2","ADAMTSL4,AEBP2,BRI3BP,CCDC91,CDCA5,CTR9,CUBN,ERBIN,GNMT,LEPR,LMNB2,MAP7,MBD2,NAA16,NUS1,PDE7A,PDIA4,PLAA,PRR13,RANBP9,RANGRF,RASSF5,RIOX2,SPATC1L,TGFB3,TMEM128,TRAK1,ZBTB2"
Protein_LGALS3,LGALS3,28,"Protein_ADAMTSL4,Protein_AEBP2,Protein_BRI3BP,Protein_CCDC91,Protein_CDCA5,Protein_CTR9,Protein_CUBN,Protein_ERBIN,Protein_GNMT,Protein_LEPR,Protein_LMNB2,Protein_MAP7,Protein_MBD2,Protein_NAA16,Protein_NUS1,Protein_PDE7A,Protein_PDIA4,Protein_PLAA,Protein_PRR13,Protein_RANBP9,Protein_RANGRF,Protein_RASSF5,Protein_RIOX2,Protein_SPATC1L,Protein_TGFB3,Protein_TMEM128,Protein_TRAK1,Protein_ZBTB2","ADAMTSL4,AEBP2,BRI3BP,CCDC91,CDCA5,CTR9,CUBN,ERBIN,GNMT,LEPR,LMNB2,MAP7,MBD2,NAA16,NUS1,PDE7A,PDIA4,PLAA,PRR13,RANBP9,RANGRF,RASSF5,RIOX2,SPATC1L,TGFB3,TMEM128,TRAK1,ZBTB2"
Protein_EFHC2,EFHC2,28,"Protein_ADAMTSL4,Protein_AEBP2,Protein_BRI3BP,Protein_CCDC91,Protein_CDCA5,Protein_CTR9,Protein_CUBN,Protein_ERBIN,Protein_GNMT,Protein_LEPR,Protein_LMNB2,Protein_MAP7,Protein_MBD2,Protein_NAA16,Protein_NUS1,Protein_PDE7A,Protein_PDIA4,Protein_PLAA,Protein_PRR13,Protein_RANBP9,Protein_RANGRF,Protein_RASSF5,Protein_RIOX2,Protein_SPATC1L,Protein_TGFB3,Protein_TMEM128,Protein_TRAK1,Protein_ZBTB2","ADAMTSL4,AEBP2,BRI3BP,CCDC91,CDCA5,CTR9,CUBN,ERBIN,GNMT,LEPR,LMNB2,MAP7,MBD2,NAA16,NUS1,PDE7A,PDIA4,PLAA,PRR13,RANBP9,RANGRF,RASSF5,RIOX2,SPATC1L,TGFB3,TMEM128,TRAK1,ZBTB2"
Protein_PRNP,PRNP,28,"Protein_ADAMTSL4,Protein_AEBP2,Protein_BRI3BP,Protein_CCDC91,Protein_CDCA5,Protein_CTR9,Protein_CUBN,Protein_ERBIN,Protein_GNMT,Protein_LEPR,Protein_LMNB2,Protein_MAP7,Protein_MBD2,Protein_NAA16,Protein_NUS1,Protein_PDE7A,Protein_PDIA4,Protein_PLAA,Protein_PRR13,Protein_RANBP9,Protein_RANGRF,Protein_RASSF5,Protein_RIOX2,Protein_SPATC1L,Protein_TGFB3,Protein_TMEM128,Protein_TRAK1,Protein_ZBTB2","ADAMTSL4,AEBP2,BRI3BP,CCDC91,CDCA5,CTR9,CUBN,ERBIN,GNMT,LEPR,LMNB2,MAP7,MBD2,NAA16,NUS1,PDE7A,PDIA4,PLAA,PRR13,RANBP9,RANGRF,RASSF5,RIOX2,SPATC1L,TGFB3,TMEM128,TRAK1,ZBTB2"
Protein_KIF20A,KIF20A,28,"Protein_ADAMTSL4,Protein_AEBP2,Protein_BRI3BP,Protein_CCDC91,Protein_CDCA5,Protein_CTR9,Protein_CUBN,Protein_ERBIN,Protein_GNMT,Protein_LEPR,Protein_LMNB2,Protein_MAP7,Protein_MBD2,Protein_NAA16,Protein_NUS1,Protein_PDE7A,Protein_PDIA4,Protein_PLAA,Protein_PRR13,Protein_RANBP9,Protein_RANGRF,Protein_RASSF5,Protein_RIOX2,Protein_SPATC1L,Protein_TGFB3,Protein_TMEM128,Protein_TRAK1,Protein_ZBTB2","ADAMTSL4,AEBP2,BRI3BP,CCDC91,CDCA5,CTR9,CUBN,ERBIN,GNMT,LEPR,LMNB2,MAP7,MBD2,NAA16,NUS1,PDE7A,PDIA4,PLAA,PRR13,RANBP9,RANGRF,RASSF5,RIOX2,SPATC1L,TGFB3,TMEM128,TRAK1,ZBTB2"
Protein_ATG9A,ATG9A,28,"Protein_ADAMTSL4,Protein_AEBP2,Protein_BRI3BP,Protein_CCDC91,Protein_CDCA5,Protein_CTR9,Protein_CUBN,Protein_ERBIN,Protein_GNMT,Protein_LEPR,Protein_LMNB2,Protein_MAP7,Protein_MBD2,Protein_NAA16,Protein_NUS1,Protein_PDE7A,Protein_PDIA4,Protein_PLAA,Protein_PRR13,Protein_RANBP9,Protein_RANGRF,Protein_RASSF5,Protein_RIOX2,Protein_SPATC1L,Protein_TGFB3,Protein_TMEM128,Protein_TRAK1,Protein_ZBTB2","ADAMTSL4,AEBP2,BRI3BP,CCDC91,CDCA5,CTR9,CUBN,ERBIN,GNMT,LEPR,LMNB2,MAP7,MBD2,NAA16,NUS1,PDE7A,PDIA4,PLAA,PRR13,RANBP9,RANGRF,RASSF5,RIOX2,SPATC1L,TGFB3,TMEM128,TRAK1,ZBTB2"
Protein_CCDC88B,CCDC88B,28,"Protein_ADAMTSL4,Protein_AEBP2,Protein_BRI3BP,Protein_CCDC91,Protein_CDCA5,Protein_CTR9,Protein_CUBN,Protein_ERBIN,Protein_GNMT,Protein_LEPR,Protein_LMNB2,Protein_MAP7,Protein_MBD2,Protein_NAA16,Protein_NUS1,Protein_PDE7A,Protein_PDIA4,Protein_PLAA,Protein_PRR13,Protein_RANBP9,Protein_RANGRF,Protein_RASSF5,Protein_RIOX2,Protein_SPATC1L,Protein_TGFB3,Protein_TMEM128,Protein_TRAK1,Protein_ZBTB2","ADAMTSL4,AEBP2,BRI3BP,CCDC91,CDCA5,CTR9,CUBN,ERBIN,GNMT,LEPR,LMNB2,MAP7,MBD2,NAA16,NUS1,PDE7A,PDIA4,PLAA,PRR13,RANBP9,RANGRF,RASSF5,RIOX2,SPATC1L,TGFB3,TMEM128,TRAK1,ZBTB2"
Protein_CD47,CD47,28,"Protein_ADAMTSL4,Protein_AEBP2,Protein_BRI3BP,Protein_CCDC91,Protein_CDCA5,Protein_CTR9,Protein_CUBN,Protein_ERBIN,Protein_GNMT,Protein_LEPR,Protein_LMNB2,Protein_MAP7,Protein_MBD2,Protein_NAA16,Protein_NUS1,Protein_PDE7A,Protein_PDIA4,Protein_PLAA,Protein_PRR13,Protein_RANBP9,Protein_RANGRF,Protein_RASSF5,Protein_RIOX2,Protein_SPATC1L,Protein_TGFB3,Protein_TMEM128,Protein_TRAK1,Protein_ZBTB2","ADAMTSL4,AEBP2,BRI3BP,CCDC91,CDCA5,CTR9,CUBN,ERBIN,GNMT,LEPR,LMNB2,MAP7,MBD2,NAA16,NUS1,PDE7A,PDIA4,PLAA,PRR13,RANBP9,RANGRF,RASSF5,RIOX2,SPATC1L,TGFB3,TMEM128,TRAK1,ZBTB2"
Protein_RECQL,RECQL,28,"Protein_ADAMTSL4,Protein_AEBP2,Protein_BRI3BP,Protein_CCDC91,Protein_CDCA5,Protein_CTR9,Protein_CUBN,Protein_ERBIN,Protein_GNMT,Protein_LEPR,Protein_LMNB2,Protein_MAP7,Protein_MBD2,Protein_NAA16,Protein_NUS1,Protein_PDE7A,Protein_PDIA4,Protein_PLAA,Protein_PRR13,Protein_RANBP9,Protein_RANGRF,Protein_RASSF5,Protein_RIOX2,Protein_SPATC1L,Protein_TGFB3,Protein_TMEM128,Protein_TRAK1,Protein_ZBTB2","ADAMTSL4,AEBP2,BRI3BP,CCDC91,CDCA5,CTR9,CUBN,ERBIN,GNMT,LEPR,LMNB2,MAP7,MBD2,NAA16,NUS1,PDE7A,PDIA4,PLAA,PRR13,RANBP9,RANGRF,RASSF5,RIOX2,SPATC1L,TGFB3,TMEM128,TRAK1,ZBTB2"
